"","X","Y","G","head","foot.l","foot.r","pen","free.k","set.p","corner","fast.break","Xg","Yg"
"1",23.1,72.6,0,0,0,1,0,0,0,0,0,0.5,0.75
"6",9.09999999999999,28.2,0,0,0,1,0,0,0,1,0,0.53125,0.534210526315789
"7",17.7,86.1,0,0,0,1,0,1,0,0,0,0.708333333333333,0.0157894736842105
"9",22.1,56,0,0,1,0,0,0,0,0,0,0.8125,0.0157894736842105
"19",8.8,39.2,0,0,0,1,0,0,0,0,0,0.0104166666666661,0.0842105263157895
"21",6.3,51.5,1,1,0,0,0,0,0,0,0,0.0624999999999994,0.434210526315789
"28",4.09999999999999,30.3,0,0,0,1,0,0,0,0,0,0.635416666666666,0.534210526315789
"29",10.7,43.9,1,0,0,1,0,0,0,1,0,0.864583333333334,0.434210526315789
"33",2.40000000000001,51.3,1,0,0,1,0,0,0,1,0,0.395833333333333,0.0842105263157895
"34",8.8,69.9,0,0,0,1,0,0,0,0,0,0.427083333333333,0.165789473684211
"42",23.1,57.7,0,0,1,0,0,0,0,0,0,0.25,0.184210526315789
"48",17,46.2,1,0,0,1,0,0,0,0,0,0.21875,0.05
"52",12.9,52.1,1,0,1,0,0,0,0,1,0,0.885416666666667,0.265789473684211
"54",23.1,54.8,0,0,0,1,0,0,0,0,0,0.416666666666667,0.61578947368421
"55",20.8,31.5,1,0,1,0,0,0,0,0,0,0.90625,0.831578947368421
"62",12.1,52.8,1,0,0,1,0,0,0,0,0,0.145833333333333,0.565789473684211
"63",8.40000000000001,27.2,1,0,0,1,0,0,0,0,0,0.114583333333333,0.365789473684211
"65",12.6,42.9,1,0,0,1,0,0,0,0,0,0.8125,0.184210526315789
"67",5.40000000000001,54.2,0,1,0,0,0,0,0,1,0,0.875,0.415789473684211
"72",17.3,70.2,0,0,0,1,0,0,0,0,0,0.427083333333333,0.284210526315789
"75",10.7,59.8,0,0,0,1,0,0,0,0,0,0.614583333333334,0.0157894736842105
"82",12.8,30.7,0,0,0,1,0,0,0,0,0,0.395833333333333,0.1
"83",27.1,70.7,0,0,1,0,0,0,0,0,0,0.739583333333333,0.584210526315789
"86",9.90000000000001,51.3,0,1,0,0,0,0,0,1,0,0.875,0.8
"87",13.4,51.3,0,1,0,0,0,0,0,0,0,0.645833333333333,0.315789473684211
"89",28.8,64.8,0,0,0,1,0,0,0,0,0,0.572916666666667,0.35
"90",12.7,49.6,1,0,0,1,0,0,0,0,0,0.78125,0.0842105263157895
"99",8.8,55,0,1,0,0,0,0,0,1,0,0.208333333333333,0.515789473684211
"104",1.5,42.8,1,1,0,0,0,0,1,0,0,0.416666666666667,0.2
"107",7.7,35,0,0,0,1,0,0,0,0,0,0.427083333333333,0.0736842105263158
"108",12.1,33.6,1,0,0,1,0,0,0,0,1,0.979166666666667,0.1
"109",21.7,65.8,1,0,0,1,0,0,0,0,0,0.885416666666667,0.0342105263157895
"113",11.5,50,1,0,0,1,1,0,0,0,0,0.0624999999999994,0.265789473684211
"114",24.9,69,0,0,0,1,0,0,0,0,0,0.833333333333334,0.384210526315789
"117",9.40000000000001,45.2,1,0,1,0,0,0,0,0,0,0.770833333333334,0.134210526315789
"122",20.3,31,0,0,1,0,0,0,0,0,0,0.1875,0.184210526315789
"123",13,49.6,0,0,0,1,0,0,0,0,0,0.541666666666667,0.0842105263157895
"125",11.5,50,1,0,0,1,1,0,0,0,0,0.135416666666666,0.134210526315789
"131",6.90000000000001,36.9,0,1,0,0,0,0,0,0,0,0.447916666666667,0.515789473684211
"132",19.3,48.8,1,0,1,0,0,0,0,0,1,0.885416666666667,0.215789473684211
"133",19.5,49.7,0,0,1,0,0,0,0,0,0,0.53125,0.215789473684211
"136",17.8,32.8,0,0,0,1,0,0,0,0,0,0.864583333333334,0.1
"143",7.7,41.7,0,0,0,1,0,0,0,0,0,0.395833333333333,0.0657894736842105
"154",25.6,56.1,0,0,0,1,0,0,0,0,0,0.5,0.25
"158",6.40000000000001,51.2,0,0,1,0,0,0,0,0,0,0.541666666666667,0.0157894736842105
"165",23.1,21.5,0,0,1,0,0,0,0,0,0,0.145833333333333,0.184210526315789
"176",9.5,31.3,1,0,1,0,0,0,0,0,0,0.84375,0.0157894736842105
"185",10.5,50.1,1,0,1,0,0,0,0,0,0,0.166666666666666,0.0157894736842105
"187",20.9,47.2,0,0,0,1,0,0,0,0,0,0.541666666666667,0.365789473684211
"200",23,51.1,0,0,0,1,0,0,0,0,0,0.0833333333333331,0.415789473684211
"203",20,76.9,0,0,0,1,0,0,0,0,0,0.114583333333333,0.434210526315789
"204",8.3,54.4,0,1,0,0,0,0,0,0,0,0.614583333333334,0.415789473684211
"206",27.1,35.3,0,0,0,1,0,0,0,0,0,0.5,0.115789473684211
"215",22.6,31.2,0,0,1,0,0,0,0,0,0,0.427083333333333,0.25
"216",9,37.5,0,0,0,1,0,0,0,0,0,0.270833333333333,0.4
"224",15.1,62,0,0,0,1,0,0,0,0,0,0.697916666666667,0.0157894736842105
"225",6.7,49.1,1,0,0,1,0,0,0,0,0,0.635416666666666,0.484210526315789
"228",15.4,38.5,0,0,1,0,0,0,0,0,0,0.729166666666667,0.0342105263157895
"235",20,70.7,0,0,1,0,0,0,0,0,0,0.541666666666667,0.0842105263157895
"243",11.5,50,1,0,0,1,1,0,0,0,0,0.864583333333334,0.1
"246",10.3,79.4,0,0,0,1,0,0,1,0,0,0.770833333333334,0.184210526315789
"257",12.3,50.3,0,0,0,1,0,0,0,0,0,0.614583333333334,0.384210526315789
"258",2.40000000000001,39.5,1,1,0,0,0,0,0,0,0,0.90625,0.35
"266",3.7,46,0,1,0,0,0,0,0,0,0,0.385416666666666,0.3
"267",4.3,65.6,0,1,0,0,0,0,0,0,0,0.71875,0.95
"274",18.7,35.7,0,0,0,1,0,0,0,0,0,0.114583333333333,0.434210526315789
"275",9.8,36.1,0,0,0,1,0,0,0,0,0,0.59375,0.25
"276",12.5,54.4,0,1,0,0,0,0,0,1,0,0.427083333333333,0.881578947368421
"280",9.40000000000001,54.4,0,1,0,0,0,0,0,0,0,0.333333333333333,0.45
"283",5.59999999999999,53.7,1,1,0,0,0,0,1,0,0,0.270833333333333,0.234210526315789
"289",2.90000000000001,45.6,0,0,0,1,0,0,0,0,0,0.15625,0.3
"292",11.2,56.6,1,1,0,0,0,0,0,0,0,0.270833333333333,0.95
"293",7.09999999999999,57.4,0,0,0,1,0,0,0,0,1,0.614583333333334,0.0842105263157895
"297",7.5,32.6,1,0,0,1,0,0,0,0,0,0.541666666666667,0.765789473684211
"298",7.5,53.4,1,0,0,1,0,0,0,0,0,0.364583333333334,0.5
"299",2.8,60.4,0,0,0,1,0,0,0,1,0,0.625,0.839473684210526
"304",13.9,43.3,1,0,0,1,0,0,0,0,0,0.895833333333333,0.0342105263157895
"307",13.1,53.2,1,0,0,1,0,0,0,0,0,0.916666666666667,0.0342105263157895
"313",7.7,42.3,1,0,0,1,0,0,0,0,0,0.4375,0.1
"323",16,46.8,0,0,0,1,0,0,0,0,0,0.5,0.0342105263157895
"326",10.7,37.2,0,0,0,1,0,0,0,0,0,0.302083333333333,0.0657894736842105
"331",9.5,42,1,0,1,0,0,0,0,0,0,0.260416666666667,0.0657894736842105
"332",8.40000000000001,47.2,1,1,0,0,0,0,1,0,0,0.0208333333333329,0.384210526315789
"339",3.3,47.2,1,0,0,1,0,0,0,0,0,0.385416666666666,0.3
"342",29.1,28.7,0,0,0,1,0,1,0,0,0,0.395833333333333,0.115789473684211
"349",9.3,47.8,1,0,0,1,0,0,0,0,0,0.208333333333333,0.0157894736842105
"351",4.8,59.1,1,1,0,0,0,0,0,0,0,0.822916666666667,0.45
"354",24.8,61.2,0,0,1,0,0,0,0,0,0,0.489583333333333,0.115789473684211
"362",3.8,59.1,1,0,1,0,0,0,1,0,0,0.927083333333334,0.0342105263157895
"363",10,68.2,0,0,0,1,0,0,0,0,0,0.697916666666667,0.0342105263157895
"364",9.40000000000001,44.7,1,0,0,1,0,0,0,0,0,0.895833333333333,0.134210526315789
"376",8,44.6,1,1,0,0,0,0,0,0,0,0.270833333333333,0.365789473684211
"377",3.59999999999999,57.1,1,1,0,0,0,0,0,1,0,0.46875,0.484210526315789
"380",18.5,43.7,1,0,0,1,0,0,0,0,0,0.947916666666667,0.0842105263157895
"381",13.4,35.2,1,0,0,1,0,0,0,0,0,0.947916666666667,0.0342105263157895
"383",9.2,46.6,1,1,0,0,0,0,0,0,0,0.104166666666667,0.384210526315789
"386",4.09999999999999,57.9,0,0,1,0,0,0,0,0,0,0.1875,0.0157894736842105
"387",4.59999999999999,46.6,0,0,0,0,0,0,0,0,0,0.604166666666667,0.1
"393",24.9,56.9,0,0,1,0,0,0,0,0,0,0.697916666666667,0.365789473684211
"407",8.90000000000001,61.8,0,0,0,1,0,0,0,0,0,0.645833333333333,0.805263157894737
"408",7.7,44.3,0,1,0,0,0,0,0,0,0,0.666666666666667,0.547368421052632
"410",7.09999999999999,53.6,1,0,1,0,0,0,0,0,0,0.760416666666667,0.0157894736842105
"414",8.5,42.9,0,1,0,0,0,0,0,0,0,0.5625,0.0342105263157895
"415",4.40000000000001,31.5,0,0,0,1,0,0,0,0,0,0.0729166666666663,0.15
"425",25,54.5,0,0,1,0,0,0,0,0,0,0.541666666666667,0.434210526315789
"436",7.40000000000001,44.8,0,0,0,1,0,0,0,0,0,0.375,0.0842105263157895
"437",23.3,71.5,1,0,0,1,0,0,0,0,0,0.302083333333333,0.365789473684211
"441",13,42.5,0,0,0,1,0,0,0,0,1,0.697916666666667,0.115789473684211
"442",17.8,46.2,0,0,0,1,0,0,1,0,0,0.708333333333333,0.4
"448",5.8,40.1,0,0,0,1,0,0,0,0,0,0.354166666666667,0.3
"450",29.5,56.9,0,0,0,1,0,0,0,0,0,0.395833333333333,0.15
"453",12.5,58.3,1,0,0,1,0,0,0,0,0,0.114583333333333,0.0842105263157895
"456",9.90000000000001,44.8,0,1,0,0,0,0,0,0,0,0.177083333333333,0.805263157894737
"458",6.3,30.5,0,0,0,1,0,0,0,0,0,0.65625,0.234210526315789
"460",10.8,58.7,1,1,0,0,0,0,0,0,0,0.0833333333333331,0.384210526315789
"461",6.7,61.1,0,0,0,1,0,0,0,0,0,0.489583333333333,0.234210526315789
"465",3.90000000000001,51.5,1,0,1,0,0,0,0,0,0,0.458333333333333,0.05
"473",19,12.1,0,0,1,0,0,0,0,0,0,0.0312499999999997,0.0657894736842105
"477",26.4,71.4,0,0,0,1,0,0,0,0,0,0.5,0.484210526315789
"478",8,51.9,0,1,0,0,0,0,0,1,0,0.572916666666667,0.5
"482",12.2,38.7,1,0,0,1,0,0,0,0,0,0.145833333333333,0.2
"484",8.40000000000001,39.8,0,0,0,1,0,0,0,1,0,0.572916666666667,0.465789473684211
"485",7.09999999999999,32.2,0,0,0,1,0,0,0,1,0,0.40625,0.434210526315789
"490",13.1,61.4,0,0,0,1,0,0,0,0,0,0.1875,0.0157894736842105
"498",8.40000000000001,59.3,0,0,1,0,0,0,0,0,0,0.697916666666667,0.484210526315789
"499",19.7,70.9,1,0,0,1,0,0,0,0,0,0.0312499999999997,0.831578947368421
"501",8.09999999999999,56.2,1,0,0,1,0,0,0,0,0,0.270833333333333,0.0342105263157895
"503",23.3,36.2,1,0,1,0,0,1,0,0,0,0.0624999999999994,0.831578947368421
"516",19.6,39.7,0,0,1,0,0,0,1,0,0,0.34375,0.15
"518",6.90000000000001,47.4,0,1,0,0,0,0,0,1,0,0.697916666666667,0.1
"528",9.90000000000001,39.3,1,0,0,1,0,0,0,0,0,0.239583333333333,0.0342105263157895
"529",9.09999999999999,57,0,1,0,0,0,0,0,1,0,0.59375,0.85
"530",10.8,41.7,0,0,1,0,0,0,0,0,0,0.604166666666667,0.165789473684211
"534",3.7,45.6,1,0,0,1,0,0,0,1,0,0.635416666666666,0.0657894736842105
"535",4.7,56.3,0,1,0,0,0,0,1,0,0,0.8125,0.61578947368421
"536",4.7,40.2,1,1,0,0,0,0,1,0,0,0.333333333333333,0.184210526315789
"542",13.2,53.2,0,0,1,0,0,0,0,1,0,0.46875,0.0157894736842105
"544",11.5,50,1,0,0,1,1,0,0,0,0,0.0937499999999999,0.55
"547",22.2,35,0,0,1,0,0,0,0,1,0,0.479166666666666,0.25
"550",15.1,56.2,1,0,1,0,0,0,0,0,0,0.875,0.2
"552",11.9,47.6,0,1,0,0,0,0,1,0,0,0.666666666666667,0.25
"554",13.9,66.7,0,0,1,0,0,0,1,0,0,0.53125,0.115789473684211
"558",28.7,64.6,0,0,0,1,0,0,0,0,0,0.78125,0.315789473684211
"562",23.8,62.5,1,0,1,0,0,0,0,0,0,0.885416666666667,0.2
"564",7.09999999999999,72.3,0,0,1,0,0,0,0,0,1,0.90625,0.115789473684211
"565",28.9,41.7,0,0,1,0,0,0,0,0,0,0.541666666666667,0.5
"568",7.2,66.7,0,0,0,1,0,0,0,1,0,0.96875,0.134210526315789
"569",23.5,28.7,0,0,1,0,0,0,0,0,0,0.302083333333333,0.05
"571",14.1,52,0,0,0,1,0,0,0,0,0,0.520833333333334,0.805263157894737
"582",9.2,45.4,1,0,0,1,0,0,1,0,0,0.125,0.63421052631579
"587",9.90000000000001,24.4,0,0,0,1,0,0,0,0,0,0.145833333333333,0.05
"589",25.5,27.7,0,0,1,0,0,0,0,0,0,0.322916666666666,0.85
"591",22.9,28.2,0,0,0,1,0,0,0,0,0,0.854166666666667,0.115789473684211
"593",14.1,28.8,0,0,1,0,0,0,0,0,0,0.34375,0.0342105263157895
"597",14.1,68.5,0,0,1,0,0,0,0,0,0,0.34375,0.584210526315789
"600",24.2,54.8,0,0,1,0,0,0,0,0,0,0.885416666666667,0.165789473684211
"602",5,51,1,0,0,1,0,0,0,0,0,0.552083333333333,0.165789473684211
"603",14.6,68.2,0,0,1,0,0,0,0,0,0,0.625,0.2
"607",6.7,58.1,1,1,0,0,0,0,1,0,0,0.333333333333333,0.815789473684211
"625",7.3,45.4,0,1,0,0,0,0,0,0,0,0.479166666666666,0.4
"627",20.4,68.1,0,0,0,1,0,0,0,0,0,0.65625,0.0657894736842105
"630",13.9,63.8,1,0,0,1,0,0,0,0,0,0.270833333333333,0.0657894736842105
"631",26,45.6,0,0,0,1,0,0,0,0,0,0.0937499999999999,0.215789473684211
"634",19.7,65.3,0,0,0,1,0,0,0,0,0,0.489583333333333,0.565789473684211
"635",4.59999999999999,54,1,0,0,1,0,0,0,0,0,0.854166666666667,0.61578947368421
"636",8.2,25.2,0,0,0,1,0,0,0,0,1,0.916666666666667,0.55
"637",8,51.8,1,0,1,0,0,0,0,0,0,0.875,0.85
"643",30.6,52.3,1,0,1,0,0,0,0,1,0,0.104166666666667,0.15
"645",11.2,47.4,0,0,0,1,0,0,0,0,0,0.6875,0.184210526315789
"647",21.9,52,0,0,0,1,0,0,0,0,0,0.5,0.184210526315789
"648",14.4,53.4,1,0,0,1,0,0,0,0,1,0.864583333333334,0.115789473684211
"654",13.9,39.8,0,0,0,1,0,0,0,0,0,0.0312499999999997,0.334210526315789
"664",25.6,33.4,0,0,0,1,0,0,0,0,0,0.635416666666666,0.665789473684211
"668",22.5,47.2,0,0,0,1,0,0,0,0,0,0.770833333333334,0.0842105263157895
"669",11.5,49.9,1,0,0,1,1,0,0,0,0,0.84375,0.0342105263157895
"671",5.40000000000001,41.5,1,0,1,0,0,0,0,0,1,0.260416666666667,0.0842105263157895
"673",25.5,68,1,0,0,1,0,1,0,0,0,0.916666666666667,0.25
"678",4.90000000000001,60.2,0,0,1,0,0,0,1,0,0,0.8125,0.2
"684",14.6,41.7,1,0,0,1,0,0,0,0,0,0.947916666666667,0.15
"685",7.09999999999999,43.4,1,1,0,0,0,0,0,0,0,0.937500000000001,0.715789473684211
"689",19.6,31.3,0,0,1,0,0,0,0,0,0,0.770833333333334,0.265789473684211
"691",14.5,49.5,0,0,0,1,0,0,0,0,0,0.5625,0.25
"692",1.90000000000001,53.1,1,0,0,1,0,0,0,0,0,0.8125,0.115789473684211
"693",10.5,29.6,0,0,0,1,0,0,0,0,0,0.666666666666667,0.0842105263157895
"694",22.7,33.1,0,0,1,0,0,1,0,0,0,0.0520833333333334,0.731578947368421
"696",14.3,43.7,1,0,0,1,0,0,0,0,0,0.302083333333333,0.0657894736842105
"699",20.9,59.8,0,0,0,1,0,0,0,0,0,0.65625,0.0842105263157895
"703",17.9,55,0,0,0,1,0,0,0,0,0,0.760416666666667,0.831578947368421
"707",11,45,1,0,0,1,0,0,0,0,0,0.822916666666667,0.63421052631579
"708",5,57.2,0,1,0,0,0,0,0,0,0,0.34375,0.384210526315789
"714",12.1,73.4,0,0,1,0,0,0,0,1,0,0.114583333333333,0.731578947368421
"718",19.3,68.5,0,0,1,0,0,0,0,0,0,0.802083333333333,0.831578947368421
"722",10.4,62.4,1,0,0,1,0,0,0,0,0,0.145833333333333,0.35
"723",7.3,63.9,0,0,1,0,0,0,0,0,0,0.385416666666666,0.0657894736842105
"729",9.40000000000001,40.2,1,0,1,0,0,0,0,0,0,0.239583333333333,0.05
"732",27.1,32.2,0,0,1,0,0,0,0,0,0,0.96875,0.115789473684211
"739",7.3,37.5,1,0,0,1,0,0,0,0,0,0.937500000000001,0.315789473684211
"743",27.5,50.3,0,0,0,1,0,0,0,0,0,0.541666666666667,0.534210526315789
"745",5.2,35,0,0,0,1,0,0,0,0,0,0.0520833333333334,0.05
"747",4.59999999999999,58.7,1,1,0,0,0,0,0,0,0,0.145833333333333,0.115789473684211
"749",11.8,61,0,0,0,1,0,0,0,0,0,0.885416666666667,0.0342105263157895
"750",4.40000000000001,49.7,1,0,0,1,0,0,0,0,0,0.510416666666667,0.134210526315789
"752",22.2,25,0,0,0,1,0,0,0,1,0,0.197916666666667,0.815789473684211
"757",21.9,30.5,1,0,1,0,0,0,0,0,0,0.0624999999999994,0.1
"763",22.2,58.1,0,0,0,1,0,0,0,0,0,0.21875,0.365789473684211
"764",20.8,35.2,0,0,0,1,0,0,0,0,0,0.604166666666667,0.215789473684211
"766",14.3,28,0,0,1,0,0,0,0,0,0,0.0833333333333331,0.0342105263157895
"769",6.3,47.2,1,0,0,1,0,0,0,0,0,0.302083333333333,0.05
"770",14.4,54.6,0,0,1,0,0,0,0,0,0,0.708333333333333,0.165789473684211
"773",21.5,40.4,0,0,0,1,0,0,0,0,0,0.114583333333333,0.1
"774",16.5,45,0,0,0,1,0,0,0,0,0,0.416666666666667,0.184210526315789
"777",20.4,39.1,0,0,1,0,0,0,0,0,0,0.5625,0.4
"779",4.3,40.6,1,0,0,1,0,0,0,0,0,0.541666666666667,0.534210526315789
"781",9.2,55,0,0,0,1,0,0,0,0,0,0.5,0.6
"786",11,66,0,0,1,0,0,0,0,0,0,0.625,0.3
"788",3.09999999999999,30.9,0,0,0,1,0,0,0,0,0,0.208333333333333,0.515789473684211
"797",23.5,59,0,0,0,1,0,0,0,0,0,0.947916666666667,0.0842105263157895
"800",7.09999999999999,31.6,0,0,0,1,0,0,0,0,0,0.40625,0.115789473684211
"801",14.9,37,0,0,0,1,0,0,0,0,0,0.40625,0.565789473684211
"810",22.3,72.2,0,0,0,1,0,0,0,0,0,0.916666666666667,0.0157894736842105
"813",12.8,42.5,1,0,0,1,0,0,0,0,0,0.8125,0.1
"820",11.5,50,1,0,1,0,1,0,0,0,0,0.0520833333333334,0.0657894736842105
"821",11.5,50,1,0,1,0,1,0,0,0,0,0.96875,0.05
"826",19.2,29.1,0,0,1,0,0,0,0,0,0,0.677083333333334,0.0657894736842105
"830",27.2,50.1,0,0,0,1,0,0,0,0,0,0.0729166666666663,0.265789473684211
"841",12.1,75.3,0,0,0,1,0,0,0,0,0,0.114583333333333,0.8
"848",8.2,59.1,0,0,0,1,0,0,0,0,0,0.666666666666667,0.165789473684211
"857",9.3,47.8,1,0,0,1,0,0,0,0,0,0.458333333333333,0.0157894736842105
"859",11.5,45.5,1,0,0,1,0,0,0,0,0,0.541666666666667,0.931578947368421
"863",2.7,59.1,0,1,0,0,0,0,0,1,0,0.875,0.384210526315789
"864",9.59999999999999,41,0,0,0,1,0,0,0,0,0,0.541666666666667,0.35
"866",4.90000000000001,54.4,1,0,0,1,0,0,0,0,0,0.875,0.05
"868",10.8,50.1,0,1,0,0,0,0,1,0,0,0.0937499999999999,0.881578947368421
"881",9,49.7,1,1,0,0,0,0,1,0,0,0.958333333333333,0.115789473684211
"886",23.4,71.7,1,0,0,1,0,0,0,0,0,0.885416666666667,0.0157894736842105
"888",3.5,44.8,1,0,1,0,0,0,0,0,0,0.25,0.831578947368421
"890",28.3,30.7,0,0,0,1,0,0,0,0,0,0.5625,0.25
"896",7.40000000000001,32.3,1,0,0,1,0,0,0,0,1,0.479166666666666,0.565789473684211
"905",6.90000000000001,54.2,0,0,0,0,0,0,0,0,0,0.739583333333333,0.134210526315789
"906",10.8,35.8,0,0,0,1,0,0,0,0,0,0.197916666666667,0.05
"915",6.7,50.4,0,1,0,0,0,0,0,0,0,0.208333333333333,0.465789473684211
"917",4.09999999999999,27.2,0,0,0,1,0,0,0,0,0,0.760416666666667,0.05
"918",12.5,42.3,0,1,0,0,0,0,0,0,0,0.645833333333333,0.55
"923",22,74.1,1,0,0,1,0,1,0,0,0,0.0416666666666665,0.5
"929",11.3,35.6,0,0,1,0,0,0,0,0,0,0.583333333333333,0.45
"932",8.90000000000001,44,0,0,0,1,0,0,0,0,0,0.364583333333334,0.265789473684211
"935",9.40000000000001,73.6,0,0,0,1,0,0,0,1,0,0.854166666666667,0.15
"936",10.7,47.6,0,0,0,1,0,0,0,0,0,0.229166666666666,0.05
"938",11.5,50,1,0,0,1,1,0,0,0,0,0.958333333333333,0.75
"939",14.1,28.3,0,0,1,0,0,0,0,0,0,0.302083333333333,0.0842105263157895
"943",25.3,34.4,0,0,0,1,0,0,0,0,0,0.166666666666666,0.3
"945",27.9,45.2,1,0,0,1,0,0,0,0,0,0.927083333333334,0.6
"951",26,29.6,0,0,1,0,0,1,0,0,0,0.604166666666667,0.665789473684211
"953",26.4,52,0,0,0,1,0,0,0,0,0,0.78125,0.265789473684211
"980",18.5,69.7,0,0,0,1,0,0,0,0,0,0.760416666666667,0.1
"982",14.6,66.8,0,0,0,1,0,0,0,0,0,0.677083333333334,0.35
"983",23.3,59.1,1,0,1,0,0,0,0,0,0,0.947916666666667,0.881578947368421
"991",10.4,41.5,0,1,0,0,0,0,0,0,0,0.864583333333334,0.831578947368421
"999",6.5,60.5,0,1,0,0,0,0,0,0,0,0.614583333333334,0.165789473684211
"1000",16,27,0,0,0,1,0,0,0,0,0,0.145833333333333,0.45
"1012",12.8,53,0,1,0,0,0,0,0,0,0,0.270833333333333,0.234210526315789
"1013",25.9,30.9,1,0,1,0,0,0,0,0,0,0.927083333333334,0.881578947368421
"1018",24.5,61.4,0,0,0,1,0,0,0,0,0,0.479166666666666,0.2
"1023",11.4,49.9,0,0,0,1,1,0,0,0,0,0.166666666666666,0.1
"1024",9.5,34.4,0,0,1,0,0,0,0,1,0,0.333333333333333,0.0842105263157895
"1028",21.4,68.8,0,0,0,1,0,0,0,0,0,0.1875,0.7
"1031",4.8,63.9,1,0,0,1,0,0,0,0,0,0.0416666666666665,0.15
"1034",4.3,55,1,0,1,0,0,0,0,1,0,0.864583333333334,0.165789473684211
"1036",16.4,58.5,0,0,1,0,0,0,0,0,0,0.666666666666667,0.15
"1038",15.1,58.1,0,1,0,0,0,0,0,0,0,0.239583333333333,0.63421052631579
"1040",4.7,66.7,0,0,1,0,0,0,0,0,0,0.802083333333333,0.334210526315789
"1044",7.3,42.3,1,0,0,1,0,0,0,0,0,0.84375,0.165789473684211
"1049",14.9,24,0,0,1,0,0,0,0,1,0,0.489583333333333,0.765789473684211
"1051",1.90000000000001,68.5,0,0,0,1,0,0,0,0,0,0.854166666666667,0.255263157894737
"1064",7.59999999999999,46.6,1,1,0,0,0,0,0,0,0,0.739583333333333,0.134210526315789
"1069",27.1,42.1,0,0,0,1,0,0,0,0,0,0.364583333333334,0.05
"1071",15.5,54.8,1,0,0,1,0,0,0,0,0,0.291666666666667,0.05
"1075",5,48.2,1,1,0,0,0,0,0,0,0,0.0729166666666663,0.0657894736842105
"1076",14.8,27,1,0,1,0,0,0,0,0,0,0.385416666666666,0.0657894736842105
"1080",28.9,53.6,0,0,0,1,0,0,0,1,0,0.0208333333333329,0.881578947368421
"1084",22.7,51.7,0,0,1,0,0,0,0,0,0,0.760416666666667,0.61578947368421
"1090",2.2,61.5,0,1,0,0,0,0,0,0,0,0.791666666666667,0.15
"1095",21.8,55.8,0,0,1,0,0,0,0,0,0,0.604166666666667,0.05
"1102",12.9,72.6,0,0,0,1,0,0,0,0,0,0.677083333333334,0.86578947368421
"1104",31.1,60.5,0,0,1,0,0,0,0,0,0,0.65625,0.5
"1107",2.09999999999999,43.2,0,0,0,1,0,0,1,0,0,0.3125,0.215789473684211
"1108",1.7,49.1,1,0,0,1,0,0,1,0,0,0.322916666666666,0.5
"1109",23.9,41.9,0,0,1,0,0,0,0,0,0,0.78125,0.415789473684211
"1110",11.5,50,1,0,0,1,1,0,0,0,0,0.927083333333334,0.0342105263157895
"1113",21.1,52.6,0,0,0,1,0,0,0,0,0,0.739583333333333,0.165789473684211
"1117",19,32,0,0,0,1,0,0,0,0,0,0.5625,0.0157894736842105
"1119",7.40000000000001,48.3,0,0,0,1,0,0,0,0,0,0.59375,0.315789473684211
"1123",15.8,52,0,0,0,1,0,0,0,0,0,0.614583333333334,0.0342105263157895
"1126",14.9,50.2,0,0,0,1,0,0,0,0,0,0.75,0.184210526315789
"1130",9.40000000000001,49.9,1,1,0,0,0,0,0,0,0,0.71875,0.115789473684211
"1137",21.5,69.3,0,0,0,1,0,0,0,0,0,0.354166666666667,0.415789473684211
"1141",18.7,48,1,0,0,1,0,0,0,0,0,0.697916666666667,0.0657894736842105
"1146",12.2,47.7,0,0,0,1,0,0,0,0,0,0.572916666666667,0.584210526315789
"1151",24.9,46.4,0,0,1,0,0,0,0,0,0,0.604166666666667,0.5
"1152",6.2,26.6,0,0,0,1,0,0,0,0,0,0.270833333333333,0.681578947368421
"1153",7.5,41.2,0,0,1,0,0,0,0,0,0,0.270833333333333,0.0657894736842105
"1164",8.09999999999999,45.6,1,1,0,0,0,0,0,1,0,0.416666666666667,0.831578947368421
"1165",15.4,31,0,0,0,1,0,0,0,0,0,0.927083333333334,0.0842105263157895
"1167",3.3,46.6,1,0,0,1,0,0,0,0,0,0.229166666666666,0.75
"1175",13.4,56.5,0,0,1,0,0,0,0,0,0,0.645833333333333,0.1
"1180",21.6,46.3,0,0,1,0,0,0,0,1,0,0.5,0.415789473684211
"1190",2.8,49.1,1,0,0,1,0,0,0,0,0,0.59375,0.35
"1195",4.09999999999999,58,0,0,0,1,0,0,0,1,0,0.40625,0.184210526315789
"1200",14.8,68.7,0,0,0,1,0,0,1,0,0,0.135416666666666,0.115789473684211
"1211",13.8,65.3,0,0,1,0,0,0,0,0,0,0.96875,0.665789473684211
"1213",22.2,46.4,0,0,0,1,0,0,0,0,0,0.614583333333334,0.1
"1229",22.2,67.6,1,0,1,0,0,1,0,0,0,0.96875,0.65
"1230",20.2,51.3,1,0,1,0,0,0,0,0,0,0.979166666666667,0.65
"1237",22.2,73,0,0,0,1,0,0,0,0,0,0.572916666666667,0.35
"1241",14.1,47.2,0,1,0,0,0,0,0,0,0,0.635416666666666,0.5
"1245",8.7,56.2,0,0,1,0,0,0,0,0,0,0.989583333333334,0.45
"1254",14.5,39.4,0,0,0,1,0,0,0,0,0,0.75,0.0368421052631579
"1258",11,55.9,1,1,0,0,0,0,0,0,0,0.96875,0.831578947368421
"1259",8,56.1,1,0,1,0,0,0,0,0,0,0.114583333333333,0.0157894736842105
"1260",14.8,64.8,1,0,1,0,0,0,0,0,0,0.229166666666666,0.0157894736842105
"1263",23.6,58,0,0,0,1,0,0,0,0,0,0.8125,0.05
"1268",11.4,63.1,0,0,0,1,0,0,0,1,0,0.958333333333333,0.0842105263157895
"1272",10.4,49.3,0,1,0,0,0,0,0,0,0,0.958333333333333,0.365789473684211
"1278",15.4,49.5,0,1,0,0,0,0,0,0,0,0.510416666666667,0.3
"1281",14.9,75.8,0,0,0,1,0,0,0,0,0,0.635416666666666,0.334210526315789
"1284",7.8,41.1,1,0,0,1,0,0,0,0,0,0.697916666666667,0.0342105263157895
"1308",1.8,55.9,1,0,0,1,0,0,0,0,0,0.760416666666667,0.25
"1309",23.5,74.4,0,0,1,0,0,0,0,0,0,0.937500000000001,0.215789473684211
"1310",10.8,26.4,0,0,0,1,0,0,0,0,0,0.260416666666667,0.484210526315789
"1320",8.7,50.1,0,1,0,0,0,0,0,1,0,0.0416666666666665,0.584210526315789
"1331",11.8,45.6,1,0,1,0,0,0,0,0,0,0.125,0.115789473684211
"1333",27.2,54,0,0,1,0,0,0,0,0,0,0.729166666666667,0.15
"1339",4.8,42.1,1,1,0,0,0,0,0,1,0,0.0729166666666663,0.0657894736842105
"1342",11.5,50,1,0,0,1,1,0,0,0,0,0.5625,0.565789473684211
"1343",19.3,54.8,0,0,0,1,0,0,0,0,0,0.854166666666667,0.115789473684211
"1346",3.5,41.1,0,0,0,1,0,0,0,0,0,0.427083333333333,0.234210526315789
"1350",13,30.5,0,0,0,1,0,0,0,0,0,0.427083333333333,0.881578947368421
"1351",21.4,87.1,0,0,0,1,0,0,0,0,0,0.489583333333333,0.484210526315789
"1360",3.2,44.2,1,0,0,1,0,0,1,0,0,0.427083333333333,0.5
"1364",28.6,46.8,0,0,1,0,0,0,0,0,0,0.614583333333334,0.215789473684211
"1365",6.90000000000001,81,0,0,1,0,0,0,0,0,0,0.833333333333334,0.134210526315789
"1370",10.8,55.7,0,1,0,0,0,0,0,0,0,0.65625,0.85
"1371",11.3,30.4,0,0,0,1,0,0,0,0,0,0.635416666666666,0.3
"1372",7.90000000000001,66.1,0,0,1,0,0,0,0,0,0,0.78125,0.0342105263157895
"1377",19.3,37.4,1,0,0,1,0,0,0,0,0,0.479166666666666,0.1
"1385",7.2,44.7,0,1,0,0,0,0,0,1,0,0.604166666666667,0.731578947368421
"1386",14.4,50.7,0,0,0,1,0,0,0,0,0,0.34375,0.134210526315789
"1390",19,68.8,0,0,0,1,0,0,0,1,0,0.0312499999999997,0.565789473684211
"1397",20.4,64.9,0,0,0,1,0,0,0,0,0,0.572916666666667,0.315789473684211
"1399",10.8,58.2,1,0,0,1,0,0,0,0,0,0.145833333333333,0.0657894736842105
"1408",11.3,56,0,1,0,0,0,0,0,0,0,0.833333333333334,0.815789473684211
"1411",14.5,49.7,0,0,1,0,0,0,0,0,0,0.208333333333333,0.15
"1420",12.2,36.9,1,0,0,1,0,0,0,0,0,0.916666666666667,0.0157894736842105
"1423",24.6,65.2,0,0,0,1,0,0,0,0,0,0.635416666666666,0.0157894736842105
"1430",7.09999999999999,56.3,0,1,0,0,0,0,0,1,0,0.927083333333334,0.0157894736842105
"1432",9.7,50.4,0,1,0,0,0,0,0,0,0,0.53125,0.565789473684211
"1433",21.6,42.5,0,0,1,0,0,0,0,0,0,0.770833333333334,0.0842105263157895
"1435",21.6,30.1,0,0,0,1,0,0,0,0,0,0.770833333333334,0.63421052631579
"1437",18.8,48.7,0,0,0,1,0,0,0,0,0,0.0937499999999999,0.215789473684211
"1438",27.6,55.5,1,0,1,0,0,0,0,0,0,0.822916666666667,0.765789473684211
"1446",22,57.9,0,0,1,0,0,0,0,0,0,0.583333333333333,0.45
"1449",14.3,48.3,0,0,0,1,0,0,0,0,0,0.520833333333334,0.4
"1456",10.7,36.1,0,0,0,1,0,0,0,0,0,0.583333333333333,0.415789473684211
"1462",9.09999999999999,46.7,1,0,0,1,0,0,0,0,0,0.895833333333333,0.0157894736842105
"1465",8.3,46.4,1,0,0,1,0,0,0,0,0,0.541666666666667,0.184210526315789
"1467",9.2,43.2,1,0,0,1,0,0,0,1,0,0.864583333333334,0.1
"1470",4.40000000000001,65.3,0,0,1,0,0,0,0,0,0,0.635416666666666,0.215789473684211
"1471",3.59999999999999,67.9,0,0,0,1,0,0,0,0,0,0.854166666666667,0.284210526315789
"1472",10.3,49.7,0,0,1,0,0,0,0,0,0,0.333333333333333,0.165789473684211
"1478",22.1,56.6,0,0,0,1,0,0,0,0,0,0.145833333333333,0.61578947368421
"1480",8.59999999999999,43.9,0,1,0,0,0,0,0,1,0,0.208333333333333,0.415789473684211
"1487",12.7,60.1,0,0,0,1,0,0,0,0,0,0.145833333333333,0.0157894736842105
"1493",5.40000000000001,55,1,0,0,1,0,0,1,0,0,0.697916666666667,0.315789473684211
"1496",17.9,30.5,0,0,1,0,0,0,0,0,0,0.197916666666667,0.0157894736842105
"1498",19.5,56.6,0,0,1,0,0,0,0,0,0,0.677083333333334,0.115789473684211
"1499",14.1,55.5,0,0,0,1,0,0,0,0,0,0.145833333333333,0.215789473684211
"1502",10.8,63.1,1,0,0,1,0,0,1,0,0,0.541666666666667,0.565789473684211
"1503",6.40000000000001,62.5,0,0,1,0,0,0,0,0,0,0.927083333333334,0.465789473684211
"1506",18.9,49.6,1,0,0,1,0,0,0,0,1,0.0833333333333331,0.0657894736842105
"1507",7.09999999999999,37.7,1,0,0,1,0,0,0,0,0,0.354166666666667,0.0657894736842105
"1509",2,56.8,1,1,0,0,0,0,0,1,0,0.15625,0.61578947368421
"1511",14.7,49.5,0,0,0,1,0,0,0,0,0,0.458333333333333,0.2
"1516",10.6,35,0,1,0,0,0,0,0,1,0,0.385416666666666,0.484210526315789
"1518",21.8,63.8,0,0,0,1,0,0,0,0,0,0.5,0.534210526315789
"1521",24.6,63.4,0,0,0,1,0,0,0,0,0,0.666666666666667,0.584210526315789
"1525",14.3,32.3,0,0,0,1,0,0,0,0,0,0.28125,0.0342105263157895
"1528",2.59999999999999,50.9,1,0,0,1,0,0,0,0,0,0.53125,0.45
"1533",11.5,50,0,0,0,1,1,0,0,0,0,0.65625,0.465789473684211
"1535",22.5,60.2,0,0,0,1,0,1,0,0,0,0.4375,0.584210526315789
"1536",4.09999999999999,43.5,1,1,0,0,0,0,0,1,0,0.104166666666667,0.35
"1551",21,82.6,0,0,0,1,0,0,0,0,0,0.229166666666666,0.0842105263157895
"1553",5.5,68.3,0,0,0,1,0,0,0,0,0,0.604166666666667,0.565789473684211
"1567",7.90000000000001,61.2,0,0,1,0,0,0,0,0,0,0.166666666666666,0.0342105263157895
"1568",10,39.4,0,0,0,1,0,0,0,0,0,0.770833333333334,0.0342105263157895
"1570",25.4,42.9,0,0,1,0,0,0,0,0,0,0.96875,0.565789473684211
"1572",19.9,48.5,1,0,1,0,0,0,0,0,0,0.958333333333333,0.1
"1573",16,41.7,1,0,0,1,0,0,0,0,0,0.46875,0.65
"1574",22.1,50.7,1,0,1,0,0,0,0,0,0,0.125,0.05
"1581",11.8,52.8,1,0,0,1,0,0,0,0,0,0.885416666666667,0.9
"1584",12,66.7,0,0,0,1,0,0,0,0,0,0.197916666666667,0.234210526315789
"1587",20.7,71.2,1,0,0,1,0,1,0,0,0,0.770833333333334,0.8
"1589",10.4,71.7,0,0,0,1,0,0,0,0,0,0.96875,0.415789473684211
"1591",18.9,59.8,1,0,0,1,0,0,0,0,0,0.770833333333334,0.2
"1593",14,34,0,0,1,0,0,0,0,0,0,0.260416666666667,0.365789473684211
"1598",12.8,45,0,0,0,1,0,0,1,0,0,0.666666666666667,0.05
"1602",6,33.1,1,0,0,1,0,0,0,0,0,0.635416666666666,0.75
"1611",6,32.3,0,0,0,1,0,0,0,0,0,0.75,0.05
"1619",22.7,71.5,0,0,1,0,0,0,0,0,0,0.729166666666667,0.0342105263157895
"1625",12.8,58.7,0,0,1,0,0,0,0,0,0,0.458333333333333,0.534210526315789
"1627",22.2,39.3,1,0,1,0,0,0,0,0,0,0.937500000000001,0.6
"1630",9.09999999999999,64.5,0,0,0,1,0,0,0,0,0,0.177083333333333,0.165789473684211
"1632",6.2,44.8,0,0,1,0,0,0,0,0,0,0.479166666666666,0.0342105263157895
"1634",12.8,60.5,0,0,1,0,0,0,0,0,0,0.5,0.534210526315789
"1635",6.90000000000001,35.2,0,1,0,0,0,0,0,0,0,0.145833333333333,0.35
"1644",16.2,54.5,0,0,0,1,0,0,0,0,0,0.697916666666667,0.0157894736842105
"1647",18.3,72.9,0,0,0,1,0,0,0,0,0,0.0729166666666663,0.0657894736842105
"1650",9,64.1,0,0,1,0,0,0,0,0,0,0.572916666666667,0.0736842105263158
"1657",24.6,53.2,0,0,0,1,0,0,0,0,0,0.697916666666667,0.25
"1660",3.90000000000001,50.7,1,1,0,0,0,0,0,1,0,0.666666666666667,0.134210526315789
"1667",5.8,54.8,1,0,1,0,0,0,0,0,0,0.0729166666666663,0.0157894736842105
"1674",4.3,50.9,1,0,1,0,0,0,0,1,0,0.0729166666666663,0.45
"1675",11.5,62.3,1,0,1,0,0,0,0,0,0,0.385416666666666,0.05
"1677",11.1,45.8,1,0,1,0,0,0,0,0,0,0.229166666666666,0.0342105263157895
"1684",34.8,55.2,0,0,0,1,0,1,0,0,0,0.854166666666667,0.215789473684211
"1694",17.7,68.3,0,0,1,0,0,0,0,0,0,0.135416666666666,0.681578947368421
"1698",6,52.2,0,1,0,0,0,0,0,1,0,0.697916666666667,0.876315789473684
"1699",13.1,47.4,1,0,0,1,0,0,0,0,0,0.572916666666667,0.0342105263157895
"1701",9.59999999999999,47.9,0,0,1,0,0,0,0,0,0,0.416666666666667,0.1
"1713",12.1,39.6,0,0,0,1,0,0,0,0,0,0.40625,0.05
"1716",10.6,36.3,0,0,0,1,0,0,0,0,0,0.375,0.0736842105263158
"1722",11,35.2,1,0,0,1,0,0,0,0,0,0.864583333333334,0.0657894736842105
"1726",17.5,53,1,0,0,1,0,0,0,0,0,0.927083333333334,0.515789473684211
"1735",21.1,71.3,0,0,0,1,0,0,0,0,0,0.520833333333334,0.86578947368421
"1737",1.59999999999999,63,0,1,0,0,0,0,0,0,0,0.75,0.815789473684211
"1740",23.4,41.5,0,0,1,0,0,0,0,0,0,0.739583333333333,0.165789473684211
"1741",6.5,34.9,1,0,0,1,0,0,0,0,0,0.958333333333333,0.1
"1744",8.09999999999999,56.6,1,1,0,0,0,0,0,0,0,0.0312499999999997,0.65
"1748",53.2,13.9,0,0,0,1,0,0,0,0,0,0.59375,0.384210526315789
"1749",12.1,37.9,0,1,0,0,0,0,1,0,0,0.0729166666666663,0.715789473684211
"1750",29.8,45.5,0,0,0,1,0,0,0,0,0,0.0520833333333334,0.0842105263157895
"1754",10.4,69.5,0,0,1,0,0,0,0,0,0,0.739583333333333,0.334210526315789
"1758",9.2,47.5,0,1,0,0,0,0,1,0,0,0.15625,0.215789473684211
"1769",28.2,73.9,0,0,0,1,0,1,0,0,0,0.854166666666667,0.0842105263157895
"1770",11.2,57.2,0,0,0,1,0,0,0,0,0,0.614583333333334,0.234210526315789
"1772",22.4,60.6,0,0,1,0,0,0,0,0,0,0.489583333333333,0.0157894736842105
"1778",19.6,68.5,0,0,0,1,0,1,0,0,0,0.875,0.75
"1779",24.4,67.9,0,0,0,1,0,0,0,1,0,0.0416666666666665,0.0342105263157895
"1781",20.1,45,1,0,0,1,0,0,0,0,0,0.166666666666666,0.05
"1782",4.40000000000001,35.4,1,0,0,1,0,0,0,0,0,0.635416666666666,0.0342105263157895
"1785",29.9,64.5,1,0,0,1,0,1,0,0,0,0.0312499999999997,0.334210526315789
"1787",21.9,35.3,0,0,1,0,0,0,0,0,0,0.197916666666667,0.184210526315789
"1789",7.59999999999999,53.8,1,1,0,0,0,0,0,0,0,0.0729166666666663,0.284210526315789
"1791",18,35,1,0,0,1,0,0,0,0,0,0.885416666666667,0.681578947368421
"1796",10,73.4,0,0,1,0,0,0,0,0,0,0.270833333333333,0.1
"1800",28,53.9,0,0,0,1,0,0,0,0,0,0.53125,0.565789473684211
"1804",3.2,56.4,0,0,0,1,0,0,0,0,0,0.572916666666667,0.465789473684211
"1809",4.59999999999999,53.8,1,0,1,0,0,0,0,0,0,0.822916666666667,0.85
"1810",13.3,46.6,1,0,0,1,0,0,0,0,0,0.1875,0.3
"1813",7.40000000000001,59.8,1,0,1,0,0,0,0,0,0,0.104166666666667,0.115789473684211
"1826",9.8,65.4,0,0,1,0,0,0,0,0,0,0.40625,0.15
"1828",17.8,24.6,0,0,0,1,0,0,0,0,0,0.510416666666667,0.86578947368421
"1832",19.2,50.9,0,0,0,1,0,0,0,0,0,0.604166666666667,0.25
"1839",3.2,54.8,1,0,0,1,0,0,0,1,0,0.0416666666666665,0.384210526315789
"1840",24.2,52,0,0,1,0,0,0,0,1,0,0.0937499999999999,0.215789473684211
"1852",9.3,53.3,0,1,0,0,0,0,1,0,0,0.364583333333334,0.534210526315789
"1856",14.6,47.6,1,0,1,0,0,0,0,0,0,0.15625,0.134210526315789
"1857",18.5,55.7,1,0,0,1,0,0,0,0,0,0.177083333333333,0.134210526315789
"1863",11.5,50,0,0,0,1,1,0,0,0,0,0.739583333333333,0.05
"1864",12.8,30.7,0,0,1,0,0,0,0,0,0,0.458333333333333,0.165789473684211
"1880",15.4,57.7,1,0,1,0,0,0,0,0,0,0.0416666666666665,0.1
"1883",14.8,45.8,0,0,0,1,0,0,0,0,0,0.6875,0.0842105263157895
"1887",13.2,26.8,0,0,0,1,0,0,0,0,0,0.729166666666667,0.25
"1888",7.2,42.9,0,0,1,0,0,0,0,0,0,0.385416666666666,0.4
"1897",14.4,61.2,0,0,0,1,0,0,0,0,0,0.333333333333333,0.465789473684211
"1901",22.4,57.3,0,0,1,0,0,0,0,0,0,0.458333333333333,0.0157894736842105
"1909",4.40000000000001,60.5,0,0,1,0,0,0,0,0,0,0.770833333333334,0.165789473684211
"1922",10.4,48.7,0,1,0,0,0,0,1,0,0,0.5,0.85
"1928",17.7,45,0,0,0,1,0,0,0,0,0,0.604166666666667,0.3
"1932",16.8,63.5,0,0,0,1,0,0,0,0,1,0.114583333333333,0.0342105263157895
"1933",11.1,45.2,1,0,1,0,0,0,0,0,0,0.0729166666666663,0.4
"1936",18.8,49.4,0,0,1,0,0,0,0,0,0,0.59375,0.0157894736842105
"1938",23.5,34.7,0,0,1,0,0,0,1,0,0,0.260416666666667,0.621052631578947
"1941",13.4,46.2,1,0,1,0,0,0,0,0,0,0.510416666666667,0.134210526315789
"1956",10.4,47,0,0,0,1,0,0,0,0,0,0.3125,0.05
"1957",24.8,48.9,1,0,1,0,0,0,0,0,0,0.875,0.815789473684211
"1959",19,46.8,0,0,0,1,0,0,0,0,0,0.541666666666667,0.1
"1969",22.2,53.4,0,0,1,0,0,0,0,0,0,0.104166666666667,0.0842105263157895
"1971",18.5,43.2,0,0,0,1,0,0,0,0,0,0.260416666666667,0.165789473684211
"1972",18.5,80.4,0,0,0,1,0,0,0,0,0,0.375,0.15
"1976",9.40000000000001,44.7,1,0,0,1,0,0,0,1,0,0.260416666666667,0.515789473684211
"1984",14,51.8,1,0,0,1,0,0,0,1,0,0.458333333333333,0.91578947368421
"1985",26.1,56,1,0,0,1,0,0,0,0,0,0.885416666666667,0.234210526315789
"1988",20.8,43.9,1,0,0,1,0,0,0,0,0,0.90625,0.05
"1989",10.3,67.2,0,1,0,0,0,0,0,1,0,0.510416666666667,0.965789473684211
"1996",7.3,46.1,1,0,0,1,0,0,0,0,0,0.6875,0.434210526315789
"2002",9.7,46,0,1,0,0,0,0,1,0,0,0.28125,0.15
"2004",8.09999999999999,50.3,0,1,0,0,0,0,1,0,0,0.854166666666667,0.25
"2010",25.6,55.3,0,0,1,0,0,0,0,0,0,0.479166666666666,0.134210526315789
"2023",10.2,61.8,0,0,1,0,0,0,0,0,0,0.333333333333333,0.0342105263157895
"2031",4.90000000000001,57.1,1,1,0,0,0,0,0,1,0,0.364583333333334,0.25
"2036",4.8,52.6,0,0,0,0,0,0,0,1,0,0.59375,0.384210526315789
"2041",9.3,64.6,1,0,0,1,0,0,0,0,0,0.0624999999999994,0.0342105263157895
"2047",11.4,42.3,1,0,0,1,0,0,0,0,0,0.114583333333333,0.05
"2050",10.8,45.4,0,1,0,0,0,0,0,0,0,0.65625,0.61578947368421
"2058",7.5,48,1,0,1,0,0,0,0,1,0,0.0833333333333331,0.15
"2060",14.4,56,1,0,0,1,0,0,0,0,0,0.1875,0.681578947368421
"2067",8.2,38.2,0,1,0,0,0,0,0,1,0,0.229166666666666,0.681578947368421
"2068",17.8,69.5,0,0,0,1,0,0,0,0,0,0.28125,0.25
"2069",10.8,45.2,1,0,1,0,0,0,0,1,0,0.697916666666667,0.0157894736842105
"2072",4.7,59.8,0,0,1,0,0,0,0,0,0,0.34375,0.0842105263157895
"2073",8.5,52,1,1,0,0,0,0,0,0,0,0.947916666666667,0.5
"2078",24.8,59.9,0,0,1,0,0,0,0,0,0,0.104166666666667,0.0157894736842105
"2081",9.3,52.2,0,1,0,0,0,0,0,1,0,0.5,0.665789473684211
"2084",16.2,45.8,0,0,1,0,0,0,0,0,0,0.572916666666667,0.1
"2091",12.9,56,0,0,0,1,0,0,0,0,0,0.53125,0.931578947368421
"2092",18.9,63.2,0,0,0,1,0,0,0,0,0,0.0729166666666663,0.465789473684211
"2093",10.6,68.1,0,0,0,1,0,0,0,0,0,0.0937499999999999,0.334210526315789
"2112",6.7,69.3,0,0,1,0,0,0,0,0,0,0.395833333333333,0.0157894736842105
"2124",12.6,37.4,0,0,0,1,0,0,0,0,0,0.427083333333333,0.415789473684211
"2125",9.09999999999999,43.4,1,0,0,1,0,0,0,0,0,0.885416666666667,0.6
"2139",7.8,68.4,0,0,0,1,0,0,0,1,0,0.822916666666667,0.2
"2140",15.5,74,0,0,0,1,0,0,0,0,0,0.5,0.831578947368421
"2144",14.3,66.4,0,0,0,1,0,0,0,0,0,0.177083333333333,0.0657894736842105
"2147",19.2,68.4,0,0,0,1,0,0,0,0,0,0.270833333333333,0.284210526315789
"2149",4.40000000000001,43.1,1,1,0,0,0,0,0,0,0,0.875,0.115789473684211
"2158",11.8,70.5,0,0,1,0,0,0,0,0,0,0.0937499999999999,0.384210526315789
"2159",24.2,57.4,0,0,1,0,0,0,0,0,0,0.885416666666667,0.45
"2160",13.8,71.9,0,0,0,1,0,0,0,0,0,0.572916666666667,0.931578947368421
"2165",20.5,57.1,0,0,1,0,0,0,0,0,0,0.28125,0.0657894736842105
"2172",14.5,55,1,0,0,1,0,0,0,0,0,0.0104166666666661,0.881578947368421
"2180",22.6,58.8,0,0,1,0,0,0,0,0,0,0.427083333333333,0.0657894736842105
"2183",11.5,50,1,0,0,1,1,0,0,0,0,0.927083333333334,0.565789473684211
"2187",3,71.5,0,0,1,0,0,0,0,0,0,0.916666666666667,0.765789473684211
"2193",23.7,45.8,0,0,0,1,0,0,0,0,0,0.427083333333333,0.731578947368421
"2196",21.1,71.4,0,0,0,1,0,0,0,0,0,0.46875,0.5
"2206",7.40000000000001,56.3,0,0,0,0,0,0,0,0,0,0.947916666666667,0.0736842105263158
"2207",17.1,63.5,1,0,0,1,0,0,0,0,0,0.96875,0.95
"2210",23.7,47.6,0,0,0,1,0,0,0,0,0,0.479166666666666,0.365789473684211
"2221",21.2,33.5,0,0,0,1,0,0,0,0,0,0.458333333333333,0.781578947368421
"2235",17.4,47.7,0,0,0,1,0,0,0,0,0,0.385416666666666,0.0157894736842105
"2236",9,46.9,0,1,0,0,0,0,0,1,0,0.25,0.61578947368421
"2239",20.5,55.6,0,0,1,0,0,0,0,0,0,0.53125,0.1
"2240",8.2,60.3,1,0,0,1,0,0,0,0,0,0.1875,0.115789473684211
"2245",14.3,62.4,0,0,0,1,0,0,0,0,0,0.5,0.134210526315789
"2246",6.40000000000001,39.4,1,1,0,0,0,0,0,0,0,0.885416666666667,0.85
"2247",11.3,55.6,1,0,0,1,0,0,0,0,0,0.895833333333333,0.05
"2253",3.5,47.4,1,0,1,0,0,0,0,0,0,0.291666666666667,0.85
"2256",8.90000000000001,47.7,0,1,0,0,0,0,0,0,0,0.260416666666667,0.165789473684211
"2259",4.7,66.2,0,0,1,0,0,0,0,0,0,0.21875,0.0157894736842105
"2263",8,52.8,1,1,0,0,0,0,0,0,0,0.0729166666666663,0.63421052631579
"2268",26.2,44,1,0,0,1,0,1,0,0,0,0.135416666666666,0.75
"2275",13.6,41.8,1,0,0,1,0,0,0,0,0,0.885416666666667,0.234210526315789
"2284",21.6,31.5,1,0,1,0,0,0,1,0,0,0.927083333333334,0.484210526315789
"2285",16.2,52.2,0,0,0,1,0,0,0,0,0,0.25,0.0342105263157895
"2287",10.2,65.4,0,1,0,0,0,0,1,0,0,0.395833333333333,0.534210526315789
"2290",27.5,57.1,0,0,0,1,0,0,0,0,0,0.333333333333333,0.0842105263157895
"2292",8.5,48.3,1,1,0,0,0,0,0,0,0,0.947916666666667,0.234210526315789
"2293",11.7,77.1,0,0,1,0,0,0,0,0,0,0.177083333333333,0.515789473684211
"2303",8.8,28,0,0,0,1,0,0,1,0,0,0.822916666666667,0.465789473684211
"2305",29.8,32.8,0,0,1,0,0,0,0,0,0,0.583333333333333,0.515789473684211
"2307",7.09999999999999,47,1,1,0,0,0,0,0,1,0,0.96875,0.65
"2309",10,43.4,0,1,0,0,0,0,1,0,0,0.46875,0.0368421052631579
"2312",9.7,46.9,0,1,0,0,0,0,0,1,0,0.937500000000001,0.434210526315789
"2313",2.09999999999999,45.8,1,1,0,0,0,0,0,0,0,0.270833333333333,0.415789473684211
"2315",11.3,59.1,0,0,1,0,0,0,0,0,0,0.65625,0.55
"2319",25.1,34,0,0,0,1,0,0,0,0,0,0.697916666666667,0.61578947368421
"2331",1.7,56.1,1,1,0,0,0,0,0,0,0,0.770833333333334,0.484210526315789
"2333",5,51.3,0,0,0,1,0,0,0,0,0,0.729166666666667,0.0842105263157895
"2338",6.7,46.7,0,1,0,0,0,0,0,1,0,0.458333333333333,0.265789473684211
"2339",11.5,50,1,0,1,0,1,0,0,0,0,0.166666666666666,0.05
"2343",26.7,66.9,0,0,0,1,0,0,0,0,0,0.697916666666667,0.234210526315789
"2347",8.90000000000001,57.5,0,0,0,1,0,0,0,0,0,0.5625,0.334210526315789
"2355",15.4,46,1,0,0,1,0,0,0,0,0,0.427083333333333,0.0342105263157895
"2358",19.6,67.5,0,0,0,1,0,0,0,0,0,0.114583333333333,0.534210526315789
"2359",12.5,49.9,0,0,0,1,0,0,0,0,0,0.427083333333333,0.0157894736842105
"2360",12.4,49.4,1,0,1,0,0,0,0,0,0,0.302083333333333,0.0657894736842105
"2362",5.3,43.3,1,0,0,1,0,0,0,0,0,0.333333333333333,0.234210526315789
"2364",25.7,41.5,0,0,0,1,0,0,0,0,0,0.729166666666667,0.0657894736842105
"2365",24.2,53.9,0,0,1,0,0,0,0,0,0,0.895833333333333,0.15
"2366",2.7,55.2,1,1,0,0,0,0,0,0,0,0.8125,0.15
"2370",26.2,59,0,0,1,0,0,0,0,0,0,0.90625,0.5
"2373",24.9,56.5,0,0,0,1,0,0,0,0,0,0.770833333333334,0.115789473684211
"2374",15.3,32.3,0,0,0,1,0,0,0,0,0,0.447916666666667,0.3
"2391",14.4,38.6,0,0,0,1,0,0,0,0,0,0.864583333333334,0.715789473684211
"2392",3.3,48.9,1,1,0,0,0,0,0,1,0,0.666666666666667,0.5
"2399",5.90000000000001,62.4,0,0,0,1,0,0,0,0,0,0.5625,0.05
"2401",1,44.7,1,0,0,1,0,0,0,1,0,0.0729166666666663,0.85
"2404",21.5,61.8,0,0,0,1,0,0,0,0,0,0.458333333333333,0.5
"2406",21.9,32,0,0,1,0,0,0,0,0,0,0.614583333333334,0.765789473684211
"2412",3.59999999999999,47.7,1,0,1,0,0,0,0,1,0,0.53125,0.115789473684211
"2415",12.2,37.3,1,0,0,1,0,0,0,0,0,0.822916666666667,0.115789473684211
"2420",9.8,54.4,0,0,1,0,0,0,0,0,0,0.916666666666667,0.65
"2421",15.6,31.3,0,0,1,0,0,0,0,0,0,0.197916666666667,0.7
"2422",10.7,66.9,1,0,1,0,0,0,0,0,0,0.958333333333333,0.0157894736842105
"2424",16,56.6,0,0,0,1,0,0,0,0,0,0.385416666666666,0.05
"2426",16.8,25.6,0,0,1,0,0,0,0,0,0,0.229166666666666,0.0157894736842105
"2431",15.3,37.5,1,0,0,1,0,0,0,0,0,0.937500000000001,0.484210526315789
"2434",18.5,48.7,0,0,0,1,0,0,0,0,1,0.53125,0.05
"2437",8.3,32.6,1,0,1,0,0,0,0,1,0,0.0833333333333331,0.465789473684211
"2438",10.8,56.9,0,0,0,1,0,0,0,0,0,0.53125,0.1
"2446",18.6,36.8,0,0,1,0,0,0,0,0,0,0.614583333333334,0.0657894736842105
"2452",6,29.9,0,0,0,1,0,0,0,0,0,0.885416666666667,0.234210526315789
"2456",25.5,51,0,0,1,0,0,0,0,0,0,0.59375,0.365789473684211
"2466",4.09999999999999,70.5,0,0,1,0,0,0,0,0,0,0.520833333333334,0.815789473684211
"2470",15.7,44.7,1,0,1,0,0,0,0,0,0,0.270833333333333,0.0157894736842105
"2472",12,47,0,1,0,0,0,0,0,0,0,0.791666666666667,0.0842105263157895
"2499",27.2,32,0,0,1,0,0,0,0,0,0,0.114583333333333,0.05
"2504",9.40000000000001,55.3,1,0,0,1,0,0,0,0,0,0.8125,0.681578947368421
"2510",23.6,48.1,0,0,1,0,0,0,0,0,0,0.927083333333334,0.25
"2511",10.3,64.4,1,0,0,1,0,0,0,0,0,0.0729166666666663,0.465789473684211
"2518",31.9,52.6,0,0,1,0,0,0,0,0,0,0.822916666666667,0.25
"2522",10.3,44,0,1,0,0,0,0,0,0,0,0.375,0.876315789473684
"2529",2.59999999999999,42.9,1,1,0,0,0,0,0,0,0,0.0729166666666663,0.4
"2530",13.9,40.5,0,0,0,1,0,0,0,1,0,0.125,0.184210526315789
"2533",22.2,76,0,0,0,1,0,0,0,0,0,0.53125,0.1
"2537",20,77.3,0,0,0,1,0,1,0,0,0,0.208333333333333,0.534210526315789
"2538",14,54.6,0,1,0,0,0,0,0,0,0,0.583333333333333,0.284210526315789
"2540",4.59999999999999,45.2,1,0,0,1,0,0,0,1,0,0.645833333333333,0.384210526315789
"2544",12.3,41.6,1,0,0,1,0,0,0,0,0,0.947916666666667,0.465789473684211
"2546",12.2,54.4,1,1,0,0,0,0,0,1,0,0.208333333333333,0.55
"2552",10.1,44.5,1,1,0,0,0,0,1,0,0,0.927083333333334,0.1
"2555",10.7,64.2,0,0,1,0,0,0,0,0,0,0.895833333333333,0.765789473684211
"2556",23,27.4,0,0,0,1,0,0,0,0,0,0.770833333333334,0.1
"2561",23.1,38,0,0,1,0,0,0,0,0,0,0.1875,0.05
"2562",8.09999999999999,61.8,1,0,0,1,0,0,0,0,0,0.114583333333333,0.0157894736842105
"2563",12.6,30.5,0,0,0,1,0,0,0,0,0,0.46875,0.05
"2565",6.40000000000001,33.9,0,0,0,1,0,0,0,1,0,0.291666666666667,0.234210526315789
"2571",11.5,50,1,0,0,1,1,0,0,0,0,0.1875,0.365789473684211
"2575",27.2,12.1,0,0,0,1,0,0,0,0,0,0.822916666666667,0.110526315789474
"2581",8.7,37.8,0,0,0,1,0,0,0,0,0,0.28125,0.234210526315789
"2582",11.1,46,0,1,0,0,0,0,0,0,0,0.46875,0.0842105263157895
"2587",12.6,59.5,0,0,1,0,0,0,0,0,0,0.0937499999999999,0.15
"2590",9.3,55.2,0,1,0,0,0,0,0,0,0,0.645833333333333,0.5
"2591",25.2,68.1,0,0,0,1,0,0,0,0,0,0.645833333333333,0.0657894736842105
"2593",14.3,74.8,0,0,0,1,0,0,0,0,0,0.65625,0.15
"2598",12.2,43.2,0,0,0,1,0,0,0,0,1,0.34375,0.115789473684211
"2599",6.40000000000001,43.4,0,1,0,0,0,0,0,1,0,0.625,0.65
"2612",26.8,70.9,0,0,0,1,0,0,0,0,0,0.291666666666667,0.334210526315789
"2613",16,47.7,1,0,1,0,0,0,0,0,0,0.885416666666667,0.7
"2614",21.2,63.3,0,0,1,0,0,1,0,0,0,0.302083333333333,0.831578947368421
"2622",10.7,47.2,0,1,0,0,0,0,0,0,0,0.260416666666667,0.328947368421053
"2625",16.4,45.6,1,0,0,1,0,0,0,0,0,0.59375,0.0842105263157895
"2628",12.2,69.9,0,0,1,0,0,0,0,0,0,0.697916666666667,0.265789473684211
"2629",24.1,38,0,0,0,1,0,1,0,0,0,0.541666666666667,0.184210526315789
"2632",14.5,54.8,1,0,0,1,0,0,0,0,0,0.916666666666667,0.1
"2640",13.6,45.5,1,0,0,1,0,0,0,0,0,0.270833333333333,0.0657894736842105
"2642",6,60.4,0,0,0,1,0,0,0,0,0,0.760416666666667,0.484210526315789
"2650",12.5,60.9,1,0,0,1,0,0,0,0,0,0.28125,0.0342105263157895
"2659",24,52.8,0,0,0,1,0,0,0,0,0,0.90625,0.0157894736842105
"2669",7.7,46.2,0,1,0,0,0,0,0,0,0,0.510416666666667,0.931578947368421
"2671",21,32.8,0,0,0,1,0,0,0,0,0,0.458333333333333,0.25
"2674",14.7,30.1,0,0,0,1,0,0,0,1,0,0.875,0.1
"2680",10.4,44.5,1,0,1,0,0,0,0,0,0,0.395833333333333,0.384210526315789
"2684",21.4,65.8,0,0,0,1,0,0,0,0,0,0.729166666666667,0.15
"2691",4.59999999999999,55.6,0,1,0,0,0,0,0,1,0,0.583333333333333,0.334210526315789
"2692",21,23.7,0,0,0,1,0,0,0,0,0,0.65625,0.25
"2695",7.5,53,1,0,1,0,0,0,0,0,0,0.333333333333333,0.0657894736842105
"2696",9.59999999999999,52.3,0,1,0,0,0,0,0,0,0,0.885416666666667,0.25
"2706",14.1,54.7,0,0,0,1,0,0,0,0,0,0.666666666666667,0.05
"2710",25.2,69.9,1,0,0,1,0,0,0,0,0,0.0520833333333334,0.815789473684211
"2715",3.8,47.2,1,1,0,0,0,0,0,1,0,0.125,0.434210526315789
"2721",19.6,76,0,0,0,1,0,0,0,0,0,0.5,0.115789473684211
"2724",3.40000000000001,62,1,1,0,0,0,0,0,1,0,0.333333333333333,0.681578947368421
"2734",27.2,47.9,0,0,0,1,0,0,0,0,0,0.4375,0.1
"2737",15,38.4,0,0,0,1,0,0,0,0,0,0.375,0.0342105263157895
"2738",8.40000000000001,56.9,0,1,0,0,0,0,0,0,0,0.375,0.402631578947368
"2740",10.8,51.1,1,0,0,0,0,0,0,0,0,0.0729166666666663,0.215789473684211
"2743",10,38.7,0,0,1,0,0,0,0,0,0,0.229166666666666,0.45
"2744",17,70.1,0,0,0,1,0,0,0,0,0,0.270833333333333,0.0657894736842105
"2746",8,46.4,0,0,1,0,0,0,1,0,0,0.614583333333334,0.184210526315789
"2753",9.40000000000001,43.7,0,0,0,1,0,0,0,0,0,0.395833333333333,0.5
"2754",11.9,65.2,1,0,1,0,0,0,0,0,0,0.5625,0.0157894736842105
"2762",10.7,41.5,0,1,0,0,0,0,0,0,0,0.28125,0.365789473684211
"2764",20,26.9,0,0,1,0,0,0,0,0,0,0.302083333333333,0.515789473684211
"2767",26.9,68.8,0,0,0,1,0,0,0,0,0,0.270833333333333,0.315789473684211
"2768",7.5,35.5,1,0,0,1,0,0,0,0,0,0.0520833333333334,0.384210526315789
"2769",15.4,66.4,0,0,0,1,0,0,0,0,0,0.614583333333334,0.0657894736842105
"2770",7,38,1,0,0,1,0,0,0,0,0,0.427083333333333,0.0157894736842105
"2785",10.3,56.1,0,1,0,0,0,0,0,0,0,0.635416666666666,0.25
"2786",6.3,63.9,1,0,1,0,0,0,0,0,1,0.916666666666667,0.315789473684211
"2788",16.2,33.9,0,0,1,0,0,0,0,0,0,0.510416666666667,0.0657894736842105
"2789",11.1,41.9,0,0,0,1,0,0,0,0,0,0.541666666666667,0.215789473684211
"2800",24.1,70.3,1,0,0,1,0,0,0,0,0,0.229166666666666,0.881578947368421
"2804",3.3,43.6,1,0,0,1,0,0,0,0,0,0.416666666666667,0.284210526315789
"2805",19,43.4,0,0,0,1,0,0,0,0,0,0.677083333333334,0.0657894736842105
"2806",20.1,64.4,1,0,0,1,0,0,0,0,0,0.864583333333334,0.0842105263157895
"2807",23,67.5,0,0,0,1,0,0,0,0,0,0.177083333333333,0.184210526315789
"2814",18.6,76,1,0,0,1,0,0,0,1,0,0.885416666666667,0.5
"2828",8.40000000000001,34.6,1,0,0,1,0,0,0,0,0,0.916666666666667,0.365789473684211
"2830",22.7,48.7,0,0,0,1,0,0,0,0,0,0.822916666666667,0.15
"2832",5.7,65.5,0,0,0,1,0,0,0,0,0,0.229166666666666,0.565789473684211
"2835",13.1,44.5,1,0,1,0,0,0,0,0,0,0.135416666666666,0.05
"2836",18.4,46.2,0,0,0,1,0,0,0,0,0,0.291666666666667,0.1
"2844",8.09999999999999,36,0,0,0,1,0,0,0,1,0,0.34375,0.134210526315789
"2847",27.2,69.1,0,0,0,1,0,0,0,0,0,0.114583333333333,0.0342105263157895
"2855",19.7,49.7,0,0,0,1,0,0,0,0,0,0.333333333333333,0.465789473684211
"2858",17.2,28.1,1,0,0,1,0,0,0,0,0,0.697916666666667,0.115789473684211
"2859",9.09999999999999,64,1,0,1,0,0,0,0,0,0,0.322916666666666,0.0657894736842105
"2861",10.2,44,0,1,0,0,0,0,0,0,0,0.90625,0.115789473684211
"2868",22.6,50.4,0,0,0,1,0,0,0,0,0,0.5,0.1
"2876",10.6,70.7,0,0,1,0,0,0,0,0,0,0.104166666666667,0.0157894736842105
"2878",9.40000000000001,37.4,0,1,0,0,0,0,0,1,0,0.0312499999999997,0.234210526315789
"2880",11.6,33.6,0,0,1,0,0,0,0,0,0,0.729166666666667,0.0342105263157895
"2881",4.8,46.9,0,0,0,1,0,0,0,0,0,0.34375,0.0342105263157895
"2885",11.5,50,1,0,0,1,1,0,0,0,0,0.937500000000001,0.384210526315789
"2890",13.4,53.8,0,0,0,1,0,0,0,0,0,0.375,0.115789473684211
"2893",25.7,36,0,0,0,1,0,1,0,0,0,0.145833333333333,0.115789473684211
"2900",3.09999999999999,67.2,0,0,0,1,0,0,0,0,0,0.354166666666667,0.0842105263157895
"2904",5.3,65.6,0,1,0,0,0,0,0,0,0,0.71875,0.85
"2907",11.7,72.8,0,0,1,0,0,0,0,0,0,0.1875,0.334210526315789
"2908",9.59999999999999,52.6,0,1,0,0,0,0,0,0,0,0.552083333333333,0.515789473684211
"2913",8,49.6,1,0,0,1,0,0,0,0,0,0.614583333333334,0.7
"2914",5.40000000000001,39.1,0,1,0,0,0,0,0,0,0,0.5,0.315789473684211
"2915",6.40000000000001,54.4,1,1,0,0,0,0,0,0,0,0.0208333333333329,0.63421052631579
"2923",6.90000000000001,42.1,0,1,0,0,0,0,0,0,0,0.4375,0.25
"2924",7,55.5,0,1,0,0,0,0,0,0,0,0.489583333333333,0.45
"2925",9.7,36.9,0,0,0,1,0,0,0,0,0,0.0729166666666663,0.165789473684211
"2928",27,51.3,0,0,0,1,0,0,0,0,0,0.71875,0.0842105263157895
"2929",4.7,58.1,0,0,1,0,0,0,0,0,0,0.90625,0.415789473684211
"2933",12.1,52.6,0,1,0,0,0,0,0,0,0,0.166666666666666,0.86578947368421
"2948",2,58.1,1,0,1,0,0,0,0,0,0,0.15625,0.0342105263157895
"2949",5.3,56.5,0,0,1,0,0,0,0,0,0,0.864583333333334,0.115789473684211
"2951",19.9,57.3,0,0,1,0,0,0,0,0,0,0.15625,0.510526315789474
"2956",14.5,67.7,0,0,0,1,0,0,0,0,0,0.416666666666667,0.15
"2957",12.8,40.7,0,0,0,1,0,0,0,0,0,0.760416666666667,0.65
"2960",10.8,37.8,1,0,0,1,0,0,0,0,0,0.166666666666666,0.7
"2962",29.6,26,0,0,0,1,0,0,0,0,0,0.729166666666667,0.465789473684211
"2969",21.9,71.1,0,0,0,1,0,0,0,0,0,0.333333333333333,0.1
"2970",8.3,70.7,0,0,1,0,0,0,0,0,0,0.895833333333333,0.134210526315789
"2972",15.5,57.1,0,0,0,1,0,0,0,0,0,0.229166666666666,0.0842105263157895
"2979",7.2,60.7,1,0,1,0,0,0,0,0,0,0.739583333333333,0.0657894736842105
"2980",9.2,71.5,0,0,0,1,0,0,0,0,0,0.791666666666667,0.439473684210526
"2992",19.5,60.2,0,0,0,1,0,0,0,1,0,0.697916666666667,0.0342105263157895
"2995",23.5,47.7,0,0,0,1,0,0,0,0,0,0.333333333333333,0.0342105263157895
"2996",8,24.2,0,0,0,1,0,0,0,0,0,0.791666666666667,0.165789473684211
"2997",15.2,58.8,1,0,0,1,0,0,0,0,0,0.114583333333333,0.0842105263157895
"3006",9.7,46.1,0,0,0,1,0,0,0,1,0,0.489583333333333,0.265789473684211
"3011",7.09999999999999,44.4,0,0,0,1,0,0,0,0,0,0.59375,0.665789473684211
"3015",27.4,73.2,0,0,0,1,0,1,0,0,0,0.34375,0.1
"3016",10.8,69.1,0,0,1,0,0,0,0,1,0,0.989583333333334,0.0342105263157895
"3022",20.5,72.8,0,0,0,1,0,0,0,0,0,0.666666666666667,0.334210526315789
"3023",19.5,72.9,0,0,1,0,0,0,0,0,0,0.489583333333333,0.45
"3026",10.3,40.6,0,0,1,0,0,0,0,0,0,0.1875,0.0342105263157895
"3032",5.7,54,0,1,0,0,0,0,0,1,0,0.385416666666666,0.0842105263157895
"3033",5,51.8,1,1,0,0,0,0,0,1,0,0.385416666666666,0.05
"3037",27.4,70.9,0,0,0,1,0,0,0,0,0,0.885416666666667,0.15
"3042",11.5,50.1,0,0,0,1,1,0,0,0,0,0.770833333333334,0.05
"3047",27.4,35.4,0,0,1,0,0,1,0,0,0,0.0937499999999999,0.215789473684211
"3048",3.09999999999999,43.3,0,0,0,1,0,0,0,1,0,0.427083333333333,0.315789473684211
"3050",23,55.2,0,0,0,1,0,0,0,0,0,0.854166666666667,0.384210526315789
"3051",14.8,63.2,0,0,0,1,0,0,0,0,0,0.0729166666666663,0.75
"3056",12.8,40.5,0,0,1,0,0,0,0,0,0,0.385416666666666,0.2
"3058",9.3,18.2,0,0,1,0,0,1,0,0,0,0.364583333333334,0.515789473684211
"3059",4.8,54.8,1,0,1,0,0,0,1,0,0,0.770833333333334,0.1
"3061",26.2,44,0,0,0,1,0,0,0,0,0,0.166666666666666,0.0842105263157895
"3062",6.59999999999999,45.1,0,0,0,1,0,0,0,0,0,0.21875,0.515789473684211
"3067",27.7,49.1,0,0,0,1,0,1,0,0,0,0.479166666666666,0.9
"3069",27.9,78.1,0,0,1,0,0,0,0,0,0,0.40625,0.165789473684211
"3071",8.8,31.6,1,0,1,0,0,0,0,0,0,0.958333333333333,0.5
"3075",2,47.4,1,0,1,0,0,0,0,0,0,0.145833333333333,0.0657894736842105
"3087",29.7,56.8,0,0,0,1,0,0,0,0,0,0.572916666666667,0.234210526315789
"3089",8.5,62.8,0,0,0,1,0,0,0,0,0,0.770833333333334,0.115789473684211
"3102",4.8,63.5,1,0,0,1,0,0,0,1,0,0.760416666666667,0.0342105263157895
"3104",23.1,38.5,1,0,1,0,0,0,0,0,0,0.927083333333334,0.815789473684211
"3105",2.09999999999999,64.8,0,0,0,1,0,0,0,0,0,0.885416666666667,0.165789473684211
"3108",4.59999999999999,47.7,1,1,0,0,0,0,0,0,0,0.4375,0.0342105263157895
"3111",7.7,42.6,1,0,0,1,0,0,0,0,1,0.333333333333333,0.0342105263157895
"3112",19.5,25.6,0,0,0,1,0,0,0,0,0,0.1875,0.0342105263157895
"3119",7.3,45.7,0,0,0,0,0,0,0,0,0,0.46875,0.63421052631579
"3120",6.90000000000001,56.3,0,1,0,0,0,0,0,1,0,0.729166666666667,0.134210526315789
"3121",10.4,25.9,1,0,1,0,0,0,0,1,0,0.0729166666666663,0.115789473684211
"3126",9.90000000000001,62.3,0,0,1,0,0,0,0,0,0,0.541666666666667,0.0657894736842105
"3127",12.6,46.1,0,0,1,0,0,0,0,0,0,0.53125,0.05
"3129",12.7,63.7,1,0,0,1,0,0,0,0,0,0.729166666666667,0.184210526315789
"3135",10.8,65.5,0,0,1,0,0,0,0,0,1,0.697916666666667,0.215789473684211
"3137",25.1,43.4,0,0,0,1,0,0,0,0,0,0.385416666666666,0.484210526315789
"3139",6.8,51.3,1,1,0,0,0,0,0,0,0,0.8125,0.3
"3140",13.9,33.5,1,0,0,1,0,0,0,0,1,0.885416666666667,0.15
"3141",29.6,74.8,0,0,0,1,0,0,0,0,0,0.614583333333334,0.134210526315789
"3144",9.8,66.4,0,0,0,1,0,0,0,0,0,0.697916666666667,0.115789473684211
"3146",22.1,51.7,1,0,0,1,0,1,0,0,0,0.937500000000001,0.831578947368421
"3150",6,65,0,0,0,1,0,0,0,1,0,0.8125,0.384210526315789
"3159",20.4,74.8,0,0,0,1,0,0,0,0,0,0.802083333333333,0.134210526315789
"3161",9,48.9,0,1,0,0,0,0,0,1,0,0.177083333333333,0.184210526315789
"3164",14.4,41.9,1,0,1,0,0,0,0,0,0,0.90625,0.7
"3165",20.8,70.1,0,0,0,1,0,0,0,0,0,0.489583333333333,0.134210526315789
"3167",10.4,31.5,0,0,0,1,0,0,0,0,0,0.510416666666667,0.55
"3168",13.4,30.9,0,0,1,0,0,0,0,0,0,0.5,0.6
"3174",5.2,31.5,0,0,0,1,0,0,0,0,0,0.333333333333333,0.0657894736842105
"3177",10.6,62.6,0,0,0,1,0,0,0,0,0,0.34375,0.4
"3178",8.7,49.7,1,0,0,1,0,0,0,0,0,0.635416666666666,0.184210526315789
"3183",15.1,66.8,0,0,0,1,0,0,0,0,0,0.479166666666666,0.15
"3191",11.5,50,1,0,0,1,1,0,0,0,0,0.0416666666666665,0.1
"3201",10.7,40.4,1,0,1,0,0,0,0,0,0,0.802083333333333,0.0157894736842105
"3202",27.4,62,0,0,0,1,0,1,0,0,0,0.916666666666667,0.384210526315789
"3207",9.5,26.4,0,0,0,1,0,0,0,0,0,0.25,0.0657894736842105
"3209",21.2,53.8,0,0,1,0,0,0,0,0,0,0.520833333333334,0.05
"3212",2.40000000000001,25.9,0,0,0,1,0,0,0,0,0,0.0833333333333331,0.510526315789474
"3215",14.1,63.3,0,0,0,1,0,0,0,0,0,0.208333333333333,0.147368421052632
"3219",5,50.3,1,1,0,0,0,0,0,1,0,0.552083333333333,0.365789473684211
"3221",4.5,53.3,0,1,0,0,0,0,0,1,0,0.375,0.839473684210526
"3224",14.3,43.6,0,1,0,0,0,0,0,0,0,0.854166666666667,0.265789473684211
"3225",11.5,50,1,0,0,1,1,0,0,0,0,0.729166666666667,0.0342105263157895
"3228",12.5,61.1,1,0,0,1,0,0,0,0,0,0.875,0.165789473684211
"3237",32.4,7,0,0,0,1,0,0,0,0,0,0.0416666666666665,0.8
"3238",27.9,40.5,0,0,0,1,0,0,0,0,0,0.833333333333334,0.0842105263157895
"3239",5.7,55.2,0,0,1,0,0,0,1,0,0,0.8125,0.0657894736842105
"3241",12.6,59.5,0,0,1,0,0,0,0,0,0,0.927083333333334,0.86578947368421
"3247",10.5,53.1,1,1,0,0,0,0,0,0,0,0.947916666666667,0.434210526315789
"3248",11.4,66.8,0,0,1,0,0,0,0,0,0,0.0729166666666663,0.0657894736842105
"3249",15.4,33.7,0,0,1,0,0,0,0,0,0,0.0312499999999997,0.0342105263157895
"3254",5.3,47.8,1,1,0,0,0,0,0,1,0,0.697916666666667,0.715789473684211
"3259",19.8,52.8,0,0,0,1,0,0,0,0,0,0.708333333333333,0.0657894736842105
"3266",8.09999999999999,64.2,0,0,0,1,0,0,0,0,0,0.4375,0.1
"3269",29.2,58.7,0,0,0,1,0,1,0,0,0,0.697916666666667,0.565789473684211
"3275",9.5,45.4,1,1,0,0,0,0,0,0,0,0.84375,0.15
"3283",11.5,47.2,1,0,0,1,0,0,0,0,0,0.604166666666667,0.0342105263157895
"3284",9.09999999999999,55.2,1,1,0,0,0,0,0,0,0,0.729166666666667,0.85
"3288",20,66.1,0,0,0,1,0,0,0,0,0,0.489583333333333,0.1
"3297",6.40000000000001,68.1,0,0,0,1,0,0,0,0,0,0.552083333333333,0.35
"3301",5.5,56.3,0,0,0,1,0,0,0,0,0,0.302083333333333,0.25
"3306",12.4,53.6,1,0,0,1,0,0,0,0,0,0.458333333333333,0.1
"3309",5,51.2,0,1,0,0,0,0,1,0,0,0.427083333333333,0.4
"3322",11.8,32.2,0,0,0,1,0,0,0,0,0,0.5,0.315789473684211
"3324",20.1,51.8,0,0,1,0,0,0,0,0,0,0.65625,0.881578947368421
"3326",24.5,64.7,1,0,0,1,0,0,0,0,0,0.760416666666667,0.415789473684211
"3328",5.90000000000001,25.8,0,0,1,0,0,0,0,0,0,0.270833333333333,0.0342105263157895
"3336",4.59999999999999,44.2,1,1,0,0,0,0,0,1,0,0.59375,0.0842105263157895
"3341",18.2,55.9,0,0,0,1,0,0,0,0,0,0.364583333333334,0.15
"3342",11,54,0,1,0,0,0,0,0,0,0,0.229166666666666,0.63421052631579
"3343",26.6,35.8,0,0,1,0,0,0,0,0,0,0.28125,0.534210526315789
"3347",14.8,54.2,1,0,0,1,0,0,0,0,0,0.1875,0.115789473684211
"3348",24,70.7,0,0,0,1,0,0,0,0,0,0.864583333333334,0.0657894736842105
"3351",9.8,59.1,0,0,0,1,0,0,0,0,0,0.291666666666667,0.8
"3355",6.09999999999999,68.9,0,0,0,1,0,0,1,0,0,0.552083333333333,0.7
"3356",7.59999999999999,43.4,1,0,1,0,0,0,0,0,0,0.875,0.0342105263157895
"3362",17.3,29.3,0,0,0,1,0,0,0,0,0,0.375,0.15
"3371",9.7,61,0,0,0,1,0,0,0,0,0,0.53125,0.134210526315789
"3375",11.1,36.6,0,0,0,1,0,0,0,0,0,0.510416666666667,0.315789473684211
"3378",14.7,58.5,0,0,0,1,0,0,0,0,0,0.25,0.0157894736842105
"3380",17.8,54.4,0,0,0,1,0,0,0,0,0,0.302083333333333,0.1
"3382",16.6,55.4,1,0,1,0,0,0,0,0,0,0.510416666666667,0.5
"3385",21.7,64.8,0,0,1,0,0,1,0,0,0,0.34375,0.515789473684211
"3389",8.40000000000001,62,0,1,0,0,0,0,1,0,0,0.875,0.476315789473684
"3395",7.09999999999999,49.3,0,0,1,0,0,0,0,0,0,0.479166666666666,0.05
"3397",15.1,64.5,1,0,1,0,0,0,0,0,0,0.0833333333333331,0.515789473684211
"3403",18.6,27.5,0,0,0,1,0,0,0,0,0,0.625,0.45
"3407",4.3,46.4,0,1,0,0,0,0,0,1,0,0.364583333333334,0.415789473684211
"3409",12.4,72.5,0,0,1,0,0,0,0,0,0,0.65625,0.0842105263157895
"3414",12.7,61.7,0,1,0,0,0,0,1,0,0,0.46875,0.5
"3415",7.09999999999999,58.5,1,1,0,0,0,0,0,0,0,0.0312499999999997,0.265789473684211
"3419",14.2,46,1,0,1,0,0,0,0,0,0,0.8125,0.9
"3420",25.9,69.8,0,0,0,1,0,1,0,0,0,0.71875,0.165789473684211
"3421",12.7,55.8,0,0,1,0,0,0,0,0,0,0.614583333333334,0.0657894736842105
"3422",25,22,0,0,0,1,0,0,0,0,0,0.385416666666666,0.91578947368421
"3427",20,71.5,0,0,0,1,0,0,0,0,0,0.427083333333333,0.715789473684211
"3428",24.4,48.8,1,0,0,1,0,0,0,0,0,0.927083333333334,0.0342105263157895
"3438",28.1,65.6,0,0,0,1,0,0,0,0,0,0.291666666666667,0.134210526315789
"3441",24.8,48.1,0,0,0,1,0,0,0,0,0,0.625,0.45
"3447",13.5,51.8,1,0,0,1,0,0,0,0,0,0.177083333333333,0.0157894736842105
"3450",6.2,53.6,0,1,0,0,0,0,0,0,0,0.697916666666667,0.9
"3453",2,43.7,1,0,0,1,0,0,0,0,0,0.46875,0.1
"3463",7.5,35.8,0,0,0,1,0,0,0,0,0,0.46875,0.334210526315789
"3464",8.59999999999999,50.2,1,0,1,0,0,0,0,0,1,0.90625,0.7
"3465",5.09999999999999,41.7,1,0,0,1,0,0,0,0,0,0.729166666666667,0.284210526315789
"3471",11.6,75.3,0,0,0,1,0,0,0,0,0,0.395833333333333,0.05
"3472",9.90000000000001,69.1,0,0,1,0,0,0,0,0,0,0.0937499999999999,0.265789473684211
"3474",11.5,67.6,1,0,0,1,0,0,0,0,0,0.177083333333333,0.384210526315789
"3479",19.2,49.6,1,0,0,1,0,0,0,0,0,0.78125,0.0157894736842105
"3481",12.5,66,1,0,0,1,0,0,0,0,0,0.354166666666667,0.0342105263157895
"3485",13,56.1,0,0,0,1,0,0,0,0,0,0.572916666666667,0.15
"3491",9.7,40.1,0,0,0,1,0,0,0,0,0,0.458333333333333,0.415789473684211
"3502",18.9,38,0,0,0,1,0,0,0,0,0,0.635416666666666,0.0157894736842105
"3505",11.8,49.7,1,0,0,1,0,0,0,0,0,0.8125,0.215789473684211
"3511",25.4,75.8,0,0,0,1,0,0,0,0,0,0.645833333333333,0.815789473684211
"3517",5.40000000000001,66.2,1,0,1,0,0,0,0,0,0,0.0624999999999994,0.0657894736842105
"3524",23.9,53.6,0,0,0,1,0,0,0,0,0,0.59375,0.115789473684211
"3525",10.4,27.7,1,0,0,1,0,0,0,0,0,0.302083333333333,0.0157894736842105
"3530",26.2,42.9,1,0,1,0,0,0,0,0,0,0.875,0.8
"3535",22.2,35.1,0,0,0,1,0,0,0,0,0,0.791666666666667,0.25
"3536",25.1,76.3,0,0,0,1,0,0,0,0,0,0.6875,0.681578947368421
"3540",30.8,68.6,0,0,0,1,0,0,0,0,0,0.572916666666667,0.584210526315789
"3541",4.09999999999999,55.8,1,0,0,1,0,0,0,0,0,0.947916666666667,0.0657894736842105
"3542",23.1,68.1,0,0,0,1,0,0,0,1,0,0.34375,0.4
"3547",8.09999999999999,31.8,0,0,0,1,0,0,1,0,0,0.25,0.25
"3550",8.5,51.5,0,1,0,0,0,0,0,0,0,0.635416666666666,0.63421052631579
"3553",9.7,55.3,0,1,0,0,0,0,0,1,0,0.5625,0.91578947368421
"3557",5.3,44.5,1,0,0,1,0,0,0,0,0,0.3125,0.931578947368421
"3558",21.4,36.4,0,0,1,0,0,0,0,0,0,0.28125,0.15
"3564",3.3,64.7,0,0,0,1,0,0,0,0,0,0.65625,0.05
"3565",10.2,40.2,0,0,0,1,0,0,0,0,0,0.354166666666667,0.731578947368421
"3568",18.2,68.3,0,0,0,1,0,0,0,0,0,0.354166666666667,0.134210526315789
"3572",5.3,67.4,0,0,0,1,0,0,0,0,0,0.552083333333333,0.0842105263157895
"3575",21.8,76,0,0,0,1,0,0,0,0,0,0.645833333333333,0.05
"3578",8.40000000000001,55,0,0,1,0,0,0,0,0,0,0.489583333333333,0.35
"3581",26.5,68.8,1,0,0,1,0,0,0,0,0,0.260416666666667,0.715789473684211
"3582",10.2,42.7,0,0,0,1,0,0,0,0,0,0.625,0.134210526315789
"3583",27.4,52.4,0,0,0,1,0,0,0,0,0,0.59375,0.5
"3588",18.6,46.8,1,0,1,0,0,0,0,0,0,0.84375,0.05
"3590",3,52.4,1,0,0,1,0,0,1,0,0,0.885416666666667,0.1
"3592",7.8,56.9,0,0,1,0,0,0,0,0,0,0.635416666666666,0.0657894736842105
"3593",7.3,54,1,0,1,0,0,0,0,0,0,0.708333333333333,0.215789473684211
"3595",10.7,60.1,0,0,1,0,0,0,0,0,0,0.75,0.215789473684211
"3596",8.09999999999999,57.3,0,0,0,1,0,0,0,0,0,0.864583333333334,0.134210526315789
"3597",11.8,34,0,0,1,0,0,0,0,1,0,0.489583333333333,0.45
"3608",9.7,33.6,0,0,0,1,0,0,0,0,0,0.28125,0.0342105263157895
"3611",2.90000000000001,53.9,1,1,0,0,0,0,0,1,0,0.0312499999999997,0.484210526315789
"3613",10.4,52.6,1,0,0,1,0,0,0,0,0,0.1875,0.0157894736842105
"3622",21.8,56.4,0,0,0,1,0,1,0,0,0,0.791666666666667,0.565789473684211
"3624",13,34.5,0,0,0,1,0,0,0,0,0,0.75,0.0342105263157895
"3625",30.8,53.6,0,0,0,1,0,0,0,0,0,0.260416666666667,0.5
"3630",7.40000000000001,46,1,0,0,1,0,0,1,0,0,0.833333333333334,0.831578947368421
"3634",24,71.2,0,0,1,0,0,0,0,1,0,0.302083333333333,0.0342105263157895
"3636",3.8,40.2,1,1,0,0,0,0,0,1,0,0.854166666666667,0.434210526315789
"3638",4.59999999999999,65.3,0,0,0,1,0,0,0,0,0,0.447916666666667,0.0736842105263158
"3642",2.90000000000001,51.8,1,0,0,1,0,0,0,0,0,0.65625,0.15
"3643",17.8,48,1,0,0,1,0,0,0,0,0,0.177083333333333,0.05
"3647",3.5,38.5,1,0,0,1,0,0,0,0,0,0.229166666666666,0.0342105263157895
"3649",30.5,44.8,0,0,0,1,0,0,0,0,0,0.447916666666667,0.05
"3654",7.59999999999999,52.8,0,0,1,0,0,0,0,1,0,0.729166666666667,0.184210526315789
"3655",14.1,66.1,1,0,1,0,0,0,0,0,0,0.666666666666667,0.234210526315789
"3661",23.3,76.7,0,0,0,1,0,0,0,0,0,0.583333333333333,0.715789473684211
"3665",3,52.6,1,0,0,1,0,0,0,0,0,0.614583333333334,0.465789473684211
"3667",11.7,43,1,0,0,1,0,0,0,0,1,0.135416666666666,0.0157894736842105
"3671",8.8,58.9,0,1,0,0,0,0,0,1,0,0.854166666666667,0.0657894736842105
"3672",5.09999999999999,47.7,1,1,0,0,0,0,0,1,0,0.239583333333333,0.731578947368421
"3673",30.4,62.6,0,0,0,1,0,0,0,0,0,0.645833333333333,0.6
"3680",11.7,25.8,0,0,0,1,0,0,0,0,0,0.229166666666666,0.115789473684211
"3683",3.40000000000001,50.9,1,0,0,1,0,0,0,0,0,0.25,0.0157894736842105
"3688",9.3,49,0,0,1,0,0,0,0,1,0,0.114583333333333,0.765789473684211
"3691",7.7,39.6,0,1,0,0,0,0,0,0,0,0.427083333333333,0.715789473684211
"3699",15.4,26.4,0,0,0,1,0,0,0,0,0,0.354166666666667,0.85
"3702",6.7,57.9,1,0,0,1,0,0,0,0,0,0.916666666666667,0.234210526315789
"3703",3.5,46.7,1,1,0,0,0,0,0,0,0,0.427083333333333,0.4
"3705",9.09999999999999,52.9,0,0,0,1,0,0,0,0,0,0.270833333333333,0.265789473684211
"3706",21.6,51.5,0,0,1,0,0,0,0,0,0,0.90625,0.565789473684211
"3709",22.9,46.2,1,0,0,1,0,0,0,0,0,0.885416666666667,0.0157894736842105
"3712",18.8,28.3,0,0,0,1,0,0,0,0,0,0.302083333333333,0.657894736842105
"3713",0.400000000000006,99.1,1,0,0,1,0,0,0,1,0,0.0416666666666665,0.384210526315789
"3719",11.3,41.8,0,0,1,0,0,0,0,0,0,0.916666666666667,0.0368421052631579
"3726",7.7,36.9,0,0,0,1,0,0,0,0,0,0.395833333333333,0.165789473684211
"3728",24,34.4,0,0,1,0,0,0,0,0,1,0.572916666666667,0.434210526315789
"3729",15.8,45,0,0,0,1,0,0,0,0,0,0.364583333333334,0.315789473684211
"3730",11.7,68,0,0,0,1,0,0,0,0,0,0.510416666666667,0.4
"3732",8.09999999999999,47.8,0,0,0,1,0,0,0,0,0,0.46875,0.534210526315789
"3747",24,65.6,1,0,0,1,0,1,0,0,0,0.885416666666667,0.55
"3753",11.5,50,1,0,0,1,1,0,0,0,0,0.739583333333333,0.0842105263157895
"3755",7,35.2,0,0,0,1,0,0,0,0,0,0.145833333333333,0.05
"3758",4.2,37.4,0,0,0,1,0,0,0,0,0,0.0937499999999999,0.315789473684211
"3764",12.1,44.2,0,0,1,0,0,0,0,0,0,0.395833333333333,0.134210526315789
"3765",5.90000000000001,58.3,0,0,1,0,0,0,0,0,0,0.375,0.115789473684211
"3767",13.2,37.5,0,0,0,1,0,0,0,0,0,0.65625,0.284210526315789
"3782",18.8,54.4,0,0,0,1,0,0,0,0,0,0.46875,0.328947368421053
"3789",9.09999999999999,69.8,0,0,1,0,0,0,0,0,0,0.927083333333334,0.134210526315789
"3791",7.7,73.9,0,0,0,1,0,0,0,0,0,0.770833333333334,0.0157894736842105
"3809",6.7,31.1,0,0,0,1,0,0,0,0,0,0.21875,0.334210526315789
"3812",11.5,50,0,0,0,1,1,0,0,0,0,0.916666666666667,0.0842105263157895
"3819",11.5,50,1,0,0,1,1,0,0,0,0,0.916666666666667,0.765789473684211
"3820",18.3,67.2,0,0,0,1,0,0,0,0,0,0.71875,0.234210526315789
"3823",1,53.7,1,0,1,0,0,0,0,0,0,0.770833333333334,0.731578947368421
"3830",11.1,54.5,1,0,0,1,0,0,0,0,0,0.854166666666667,0.334210526315789
"3838",10.8,61.8,0,0,1,0,0,0,0,0,0,0.375,0.0657894736842105
"3842",11.1,43,0,1,0,0,0,0,1,0,0,0.40625,0.75
"3854",14.5,25.9,0,0,1,0,0,0,0,0,0,0.208333333333333,0.0157894736842105
"3860",13.8,72.1,0,0,0,1,0,0,0,0,0,0.854166666666667,0.0342105263157895
"3861",12.1,59.3,1,0,0,1,0,0,0,0,0,0.0729166666666663,0.05
"3862",17.4,45.6,0,0,1,0,0,0,0,0,0,0.427083333333333,0.05
"3864",10.4,56.6,0,1,0,0,0,0,0,0,0,0.770833333333334,0.334210526315789
"3865",9.8,35.1,0,0,0,1,0,0,0,0,0,0.114583333333333,0.134210526315789
"3868",4.8,58.1,1,1,0,0,0,0,0,1,0,0.0416666666666665,0.515789473684211
"3871",11.9,39.9,0,0,1,0,0,0,0,0,0,0.8125,0.6
"3875",9.2,44.6,1,0,0,1,0,0,0,1,0,0.0729166666666663,0.165789473684211
"3876",27.2,47.4,0,0,1,0,0,0,0,0,0,0.291666666666667,0.134210526315789
"3893",12.4,47.2,0,0,0,1,0,0,0,1,0,0.5,0.284210526315789
"3896",15.8,30.3,0,0,0,1,0,0,0,0,0,0.71875,0.165789473684211
"3899",5,53.2,1,1,0,0,0,0,0,0,0,0.145833333333333,0.0842105263157895
"3901",12.2,27.8,0,0,0,1,0,0,0,0,0,0.0624999999999994,0.3
"3920",15.5,31.2,0,0,0,1,0,0,0,0,0,0.5625,0.1
"3922",21.2,58.3,0,0,0,1,0,0,0,0,0,0.541666666666667,0.831578947368421
"3923",9.8,39.2,1,0,0,1,0,0,0,0,0,0.895833333333333,0.05
"3928",22.8,45,0,0,0,1,0,0,0,0,0,0.635416666666666,0.415789473684211
"3929",15.7,71.5,0,0,1,0,0,0,0,0,0,0.770833333333334,0.134210526315789
"3935",7.8,50.5,0,1,0,0,0,0,0,1,0,0.145833333333333,0.334210526315789
"3944",21.5,48,1,0,1,0,0,0,0,0,0,0.0624999999999994,0.515789473684211
"3945",7.59999999999999,56.2,0,1,0,0,0,0,0,0,0,0.25,0.35
"3946",12.4,52.4,0,0,0,1,0,0,0,0,0,0.447916666666667,0.265789473684211
"3951",13,44.4,0,0,1,0,0,0,0,0,0,0.427083333333333,0.3
"3952",11.4,72.2,0,0,0,1,0,0,0,0,0,0.854166666666667,0.25
"3954",18.5,80.7,0,0,0,1,0,1,0,0,0,0.937500000000001,0.465789473684211
"3956",7,53.6,1,0,0,1,0,0,0,0,0,0.0729166666666663,0.1
"3958",3.8,46,1,1,0,0,0,0,0,1,0,0.958333333333333,0.134210526315789
"3959",13.6,62.8,0,0,0,1,0,0,0,0,0,0.364583333333334,0.05
"3960",3.40000000000001,50.3,1,1,0,0,0,0,0,0,0,0.447916666666667,0.384210526315789
"3965",22.4,23.7,0,0,1,0,0,1,0,0,0,0.760416666666667,0.61578947368421
"3969",24.2,28.2,0,0,1,0,0,0,0,0,0,0.5,0.284210526315789
"3973",9.90000000000001,35.5,1,0,0,1,0,0,0,0,1,0.958333333333333,0.215789473684211
"3976",15.5,63.1,0,0,0,1,0,0,0,0,0,0.447916666666667,0.515789473684211
"3981",11.8,39.2,0,0,0,1,0,0,0,0,0,0.46875,0.6
"3982",11.7,32.7,0,0,0,1,0,0,0,0,0,0.229166666666666,0.265789473684211
"3992",5.59999999999999,48,1,1,0,0,0,0,0,1,0,0.145833333333333,0.831578947368421
"3995",7.3,66.8,0,0,1,0,0,0,0,0,0,0.364583333333334,0.1
"3996",6.3,43.1,1,0,0,1,0,0,0,0,0,0.541666666666667,0.0342105263157895
"4002",16.7,39.8,0,0,0,1,0,0,0,0,0,0.354166666666667,0.25
"4016",10.6,50.4,0,1,0,0,0,0,0,0,0,0.885416666666667,0.515789473684211
"4020",7.3,65.2,0,1,0,0,0,0,0,0,0,0.59375,0.9
"4036",12,49.9,1,0,0,1,1,0,0,0,0,0.729166666666667,0.215789473684211
"4037",11.5,50,0,0,0,1,1,0,0,0,0,0.270833333333333,0.184210526315789
"4040",17.8,36.7,0,0,1,0,0,0,0,0,0,0.375,0.05
"4044",14.4,70.7,1,0,0,1,0,0,0,0,0,0.864583333333334,0.681578947368421
"4049",7.2,38,1,0,0,1,0,0,0,0,0,0.135416666666666,0.0342105263157895
"4055",25.6,61.3,0,0,0,1,0,0,0,0,0,0.71875,0.434210526315789
"4057",8.8,46.2,1,0,1,0,0,0,0,0,0,0.0729166666666663,0.0842105263157895
"4064",7.59999999999999,67.9,0,0,1,0,0,0,0,0,0,0.96875,0.0657894736842105
"4066",14.9,39.9,0,0,0,1,0,0,0,0,0,0.708333333333333,0.465789473684211
"4068",29.6,63.2,0,0,0,1,0,0,0,0,0,0.75,0.284210526315789
"4075",9.90000000000001,75.4,0,0,1,0,0,0,0,0,0,0.114583333333333,0.3
"4080",24.8,59.9,1,0,1,0,0,0,0,0,0,0.104166666666667,0.134210526315789
"4083",14.4,40.2,0,0,0,1,0,0,1,0,0,0.78125,0.0842105263157895
"4084",7.2,49.9,0,1,0,0,0,0,0,0,0,0.0624999999999994,0.4
"4087",18.4,68.4,0,0,0,1,0,0,0,0,0,0.333333333333333,0.234210526315789
"4088",7,49.9,1,1,0,0,0,0,0,1,0,0.96875,0.565789473684211
"4091",15.9,29,0,0,0,1,0,0,0,0,0,0.65625,0.0157894736842105
"4093",15,62,1,0,0,1,0,0,0,0,0,0.0312499999999997,0.115789473684211
"4095",4.8,66.4,0,0,1,0,0,0,0,0,0,0.833333333333334,0.565789473684211
"4096",23.3,36.1,0,0,0,1,0,0,0,0,0,0.229166666666666,0.110526315789474
"4097",10.3,53,1,0,0,1,0,0,0,0,0,0.802083333333333,0.534210526315789
"4105",24.1,26.2,0,0,1,0,0,1,0,0,0,0.541666666666667,0.665789473684211
"4106",4.7,47.5,0,0,1,0,0,0,0,0,0,0.458333333333333,0.665789473684211
"4107",18.9,30.1,1,0,1,0,0,0,0,0,0,0.885416666666667,0.8
"4113",9.2,54.2,0,1,0,0,0,0,0,1,0,0.791666666666667,0.831578947368421
"4121",19.3,28.6,0,0,1,0,0,0,0,0,0,0.40625,0.86578947368421
"4128",11.5,50,1,0,0,1,1,0,0,0,0,0.25,0.0157894736842105
"4130",24.2,66.1,0,0,0,1,0,0,0,0,0,0.375,0.134210526315789
"4137",4,33.4,0,0,0,1,0,0,0,0,0,0.729166666666667,0.85
"4140",26.1,55.8,0,0,0,1,0,0,0,0,0,0.635416666666666,0.61578947368421
"4144",4.40000000000001,39.1,1,1,0,0,0,0,0,1,0,0.302083333333333,0.415789473684211
"4150",4.09999999999999,51.3,1,0,0,1,0,0,0,0,0,0.5,0.134210526315789
"4153",9.7,55.3,1,0,0,1,0,0,0,0,1,0.270833333333333,0.0657894736842105
"4155",10,30.3,0,0,1,0,0,0,0,0,0,0.666666666666667,0.402631578947368
"4156",8.59999999999999,53.6,1,0,1,0,0,0,0,0,0,0.770833333333334,0.0657894736842105
"4162",12.5,63.6,0,0,0,1,0,0,0,0,0,0.427083333333333,0.05
"4168",11.5,50,1,0,0,1,1,0,0,0,0,0.854166666666667,0.0157894736842105
